87,-60,-2067
84,-55,-2072
83,-58,-2071
85,-56,-2071
80,-64,-2073
83,-54,-2072
84,-56,-2071
85,-56,-2077
75,-54,-2069
126,-47,-2125
78,-52,-2064
70,-68,-2066
108,-34,-2057
45,-79,-2099
113,-28,-2051
56,-77,-2093
105,-39,-2060
61,-66,-2081
95,-49,-2060
70,-56,-2080
86,-45,-2069
80,-60,-2069
79,-60,-2075
85,-59,-2068
90,-67,-2078
92,-45,-2076
78,-66,-2073
88,-46,-2074
81,-64,-2072
86,-54,-2068
84,-63,-2071
83,-54,-2068
77,-57,-2074
84,-55,-2076
80,-57,-2074
78,-54,-2075
82,-63,-2076
82,-52,-2078
89,-59,-2072
85,-59,-2075
87,-52,-2073
83,-62,-2078
80,-62,-2076
80,-59,-2067
86,-60,-2070
87,-54,-2068
84,-58,-2068
87,-64,-2067
81,-56,-2073
90,-64,-2072
87,-56,-2074
80,-62,-2067
82,-56,-2064
85,-58,-2076
86,-59,-2076
87,-64,-2072
78,-53,-2062
85,-54,-2075
78,-52,-2068
83,-61,-2070
84,-52,-2070
86,-57,-2071
80,-62,-2069
86,-55,-2069
76,-56,-2073
85,-57,-2066
82,-54,-2070
86,-62,-2075
91,-49,-2075
90,-62,-2080
85,-57,-2067
85,-66,-2071
80,-53,-2072
83,-64,-2071
84,-54,-2068
82,-59,-2072
82,-57,-2068
81,-61,-2067
83,-53,-2072
81,-52,-2075
86,-60,-2075
91,-57,-2073
88,-64,-2073
89,-57,-2080
79,-50,-2078
82,-61,-2071
85,-60,-2070
90,-59,-2067
83,-59,-2076
83,-54,-2067
77,-55,-2067
89,-60,-2076
81,-58,-2072
90,-58,-2077
78,-55,-2071
87,-64,-2072
75,-52,-2068
85,-59,-2077
81,-53,-2072
88,-55,-2064
79,-53,-2075
93,-65,-2065
74,-64,-2075
89,-55,-2067
79,-57,-2069
80,-57,-2076
83,-64,-2068
85,-61,-2074
93,-60,-2066
74,-50,-2072
87,-56,-2068
77,-56,-2073
93,-52,-2066
78,-62,-2076
88,-57,-2061
76,-53,-2074
87,-62,-2065
79,-61,-2079
87,-61,-2067
81,-59,-2075
91,-58,-2071
80,-53,-2067
79,-57,-2077
85,-57,-2071
81,-55,-2071
86,-57,-2068
72,-65,-2072
88,-55,-2077
91,-56,-2070
86,-61,-2065
80,-56,-2072
86,-56,-2071
88,-58,-2071
85,-65,-2072
85,-55,-2073
86,-60,-2069
84,-53,-2071
81,-56,-2070
85,-57,-2066
81,-56,-2065
85,-66,-2072
84,-53,-2074
84,-61,-2074
82,-58,-2073
88,-64,-2079
79,-55,-2070
87,-58,-2071
89,-56,-2072
83,-58,-2076
84,-56,-2068
81,-59,-2073
86,-61,-2067
82,-55,-2075
88,-59,-2066
85,-54,-2073
85,-54,-2076
83,-58,-2071
88,-54,-2069
86,-62,-2066
82,-63,-2074
86,-57,-2072
82,-55,-2077
82,-53,-2069
82,-61,-2068
94,-59,-2069
82,-56,-2072
85,-56,-2075
82,-65,-2075
85,-58,-2064
84,-57,-2075
80,-57,-2078
82,-61,-2075
89,-57,-2081
91,-55,-2065
74,-59,-2072
84,-59,-2075
86,-62,-2076
81,-61,-2073
89,-53,-2066
83,-61,-2069
90,-52,-2071
80,-61,-2074
87,-61,-2067
85,-53,-2072
83,-63,-2083
84,-56,-2069
81,-58,-2077
81,-57,-2074
82,-52,-2078
80,-61,-2078
91,-48,-2065
70,-62,-2081
96,-40,-2064
74,-70,-2077
86,-47,-2061
88,-57,-2062
74,-55,-2078
89,-58,-2065
75,-62,-2080
91,-55,-2066
78,-71,-2078
84,-45,-2070
87,-64,-2077
76,-57,-2076
97,-55,-2064
74,-62,-2075
86,-60,-2066
76,-43,-2070
81,-64,-2066
88,-52,-2069
84,-59,-2082
87,-47,-2070
82,-61,-2070
86,-58,-2079
82,-66,-2075
92,-57,-2069
76,-56,-2075
94,-54,-2072
86,-57,-2072
87,-60,-2066
83,-55,-2072
83,-61,-2070
85,-59,-2074
83,-58,-2067
92,-58,-2067
91,-59,-2073
80,-59,-2075
81,-59,-2074
92,-59,-2074
88,-56,-2068
91,-61,-2073
86,-59,-2067
82,-56,-2075
86,-59,-2079
83,-55,-2073
86,-56,-2071
81,-60,-2073
87,-53,-2081
84,-60,-2070
83,-56,-2072
86,-57,-2069
80,-60,-2067
84,-58,-2070
85,-57,-2070
79,-59,-2072
90,-61,-2071
82,-54,-2077
90,-63,-2068
75,-57,-2084
84,-61,-2068
85,-59,-2069
88,-56,-2066
87,-60,-2075
84,-60,-2072
81,-52,-2069
89,-57,-2077
85,-62,-2071
87,-60,-2068
84,-60,-2074
81,-58,-2066
89,-57,-2072
90,-62,-2073
82,-52,-2073
82,-60,-2072
87,-55,-2066
79,-57,-2085
95,-58,-2064
79,-57,-2072
91,-64,-2076
85,-48,-2070
89,-63,-2074
79,-48,-2072
87,-63,-2074
87,-54,-2076
87,-60,-2073
84,-58,-2074
86,-56,-2074
85,-60,-2074
85,-57,-2072
85,-56,-2066
84,-55,-2068
87,-55,-2070
81,-59,-2072
84,-53,-2071
77,-59,-2072
80,-53,-2067
80,-62,-2072
85,-59,-2069
83,-59,-2079
86,-59,-2072
82,-59,-2073
85,-57,-2074
85,-58,-2070
85,-60,-2069
83,-56,-2072
91,-60,-2075
82,-62,-2072
82,-61,-2080
88,-59,-2078
86,-57,-2070
89,-58,-2076
82,-58,-2073
91,-61,-2070
82,-47,-2069
85,-68,-2077
82,-59,-2076
91,-56,-2063
79,-70,-2076
84,-47,-2064
85,-66,-2074
78,-54,-2075
86,-59,-2076
88,-64,-2080
75,-39,-2074
86,-65,-2066
78,-47,-2064
88,-62,-2074
80,-46,-2064
82,-70,-2075
84,-44,-2062
84,-71,-2080
90,-42,-2063
81,-68,-2075
84,-45,-2068
86,-62,-2074
85,-46,-2070
90,-59,-2066
87,-55,-2073
83,-57,-2062
73,-58,-2075
93,-53,-2069
78,-62,-2078
91,-50,-2065
70,-60,-2081
90,-54,-2070
92,-56,-2071
84,-58,-2069
90,-62,-2070
80,-61,-2083
90,-51,-2066
80,-61,-2078
90,-51,-2067
83,-58,-2074
87,-51,-2063
74,-62,-2072
85,-60,-2071
82,-57,-2062
84,-61,-2073
83,-56,-2070
80,-63,-2078
85,-59,-2072
81,-66,-2074
92,-54,-2074
81,-55,-2072
83,-58,-2072
89,-50,-2070
75,-62,-2085
90,-58,-2066
81,-65,-2071
85,-49,-2064
85,-65,-2074
81,-51,-2072
90,-61,-2073
79,-58,-2078
90,-56,-2074
85,-57,-2070
89,-56,-2070
74,-63,-2076
86,-50,-2065
86,-55,-2077
79,-58,-2071
83,-58,-2069
87,-59,-2069
88,-52,-2075
82,-60,-2075
94,-55,-2075
83,-51,-2071
91,-56,-2067
73,-60,-2075
92,-60,-2069
82,-58,-2071
82,-58,-2070
81,-60,-2072
88,-58,-2071
83,-59,-2066
86,-58,-2075
87,-55,-2073
83,-59,-2073
81,-55,-2072
92,-61,-2067
80,-53,-2071
88,-64,-2075
78,-62,-2073
102,-47,-2064
78,-64,-2086
86,-51,-2063
84,-62,-2072
78,-55,-2075
98,-61,-2070
82,-61,-2079
90,-50,-2065
77,-62,-2078
88,-50,-2068
82,-66,-2071
84,-50,-2072
86,-57,-2070
82,-56,-2074
92,-62,-2071
82,-53,-2080
89,-57,-2070
77,-58,-2062
90,-60,-2077
82,-56,-2074
85,-56,-2073
84,-54,-2073
88,-60,-2071
83,-60,-2071
84,-53,-2064
83,-62,-2075
76,-50,-2072
83,-61,-2072
78,-56,-2077
90,-59,-2065
81,-63,-2072
92,-65,-2067
85,-55,-2075
88,-61,-2077
78,-53,-2064
83,-59,-2069
89,-58,-2070
76,-61,-2077
92,-56,-2065
78,-52,-2069
84,-60,-2063
80,-52,-2067
87,-62,-2067
87,-54,-2066
89,-63,-2079
83,-49,-2065
85,-65,-2070
83,-55,-2075
86,-63,-2070
86,-58,-2076
87,-59,-2066
77,-64,-2073
89,-62,-2066
77,-53,-2076
90,-56,-2066
84,-64,-2074
90,-50,-2069
81,-62,-2079
85,-56,-2073
91,-59,-2071
79,-58,-2067
91,-59,-2064
80,-61,-2074
86,-61,-2067
81,-56,-2074
90,-63,-2076
85,-61,-2072
78,-52,-2071
83,-55,-2075
86,-56,-2069
88,-62,-2071
78,-59,-2075
85,-54,-2064
72,-55,-2071
95,-64,-2065
77,-53,-2074
88,-62,-2067
79,-46,-2069
88,-65,-2072
80,-44,-2070
93,-66,-2074
69,-27,-2078
89,-85,-2078
78,-24,-2062
80,-75,-2075
85,-36,-2070
86,-69,-2075
84,-55,-2065
87,-66,-2069
84,-61,-2077
86,-55,-2069
78,-64,-2074
94,-44,-2071
75,-59,-2069
87,-58,-2069
91,-64,-2069
66,-52,-2077
103,-58,-2099
71,-56,-2089
105,-54,-2043
66,-63,-2086
101,-58,-2070
75,-62,-2077
91,-59,-2068
83,-58,-2079
83,-56,-2073
83,-57,-2072
47,-1068,-1796
53,-1039,-1794
56,-1033,-1807
40,-1066,-1795
33,-1047,-1805
40,-1048,-1814
41,-1062,-1797
30,-1064,-1797
46,-1062,-1795
43,-1063,-1797
38,-1067,-1794
43,-1061,-1800
48,-1061,-1787
54,-1056,-1790
46,-1041,-1812
45,-1069,-1801
53,-1055,-1815
55,-1080,-1801
38,-1061,-1804
33,-1065,-1788
60,-1060,-1800
46,-1045,-1797
52,-1055,-1796
48,-1038,-1815
59,-1070,-1798
47,-1052,-1803
59,-1067,-1801
50,-1060,-1800
56,-1039,-1812
44,-1067,-1795
51,-1034,-1804
44,-1053,-1805
41,-1043,-1805
42,-1053,-1808
34,-1051,-1785
27,-1045,-1801
21,-1040,-1791
38,-1056,-1769
83,-1057,-1754
88,-1067,-1744
110,-1037,-1769
90,-1017,-1833
80,-991,-1869
56,-982,-1948
21,-967,-1936
24,-964,-1934
7,-996,-1872
37,-1019,-1805
76,-1021,-1755
83,-1009,-1758
53,-1009,-1800
43,-1004,-1850
52,-989,-1889
61,-1003,-1880
58,-1022,-1858
50,-1026,-1839
42,-1002,-1801
65,-1019,-1785
75,-982,-1805
66,-999,-1804
92,-985,-1835
107,-976,-1846
94,-1001,-1861
91,-1005,-1862
75,-1009,-1868
54,-1033,-1825
67,-978,-1822
63,-993,-1802
55,-987,-1807
85,-980,-1806
100,-960,-1822
103,-962,-1858
78,-1017,-1875
90,-1018,-1888
75,-1013,-1872
83,-1013,-1850
71,-998,-1840
70,-990,-1828
79,-999,-1835
98,-984,-1826
126,-978,-1840
125,-966,-1832
115,-960,-1832
119,-958,-1836
125,-935,-1840
105,-949,-1822
113,-940,-1836
111,-952,-1824
122,-942,-1829
108,-974,-1830
144,-937,-1841
112,-965,-1848
114,-946,-1857
99,-924,-1845
103,-941,-1828
118,-899,-1818
124,-893,-1838
123,-867,-1823
133,-916,-1838
119,-793,-1876
136,-828,-1831
173,-801,-1753
135,-810,-1756
149,-698,-1641
265,-404,-1750
273,-243,-1857
261,-460,-1730
150,-193,-1942
130,-275,-1901
23,-384,-2426
246,-90,-3292
249,-10,-2752
85,-168,-2110
88,191,-1803
133,174,-1812
168,203,-1905
109,250,-2149
39,330,-2311
-60,493,-2263
-22,372,-2151
-19,485,-2050
23,556,-2069
82,531,-1943
129,586,-1875
182,717,-1882
147,721,-1875
101,702,-1838
-11,675,-1882
-77,622,-1862
-105,587,-1868
-146,616,-1935
-128,518,-1988
-127,566,-1972
-102,544,-1907
-149,457,-1902
-271,462,-1929
-285,522,-1999
-234,647,-2059
-206,772,-2076
-128,861,-2061
-19,825,-1951
-6,843,-1808
-39,764,-1807
-127,733,-1815
-256,675,-1827
-311,623,-1885
-347,569,-1919
-403,552,-1998
-300,615,-2068
-240,709,-2036
-172,745,-2027
-117,785,-1903
-90,785,-1798
-71,696,-1740
-184,581,-1758
-278,449,-1801
-339,341,-1861
-404,290,-1924
-436,319,-2025
-401,363,-2097
-356,501,-2109
-271,563,-2075
-216,669,-2034
-131,696,-1950
-113,741,-1902
-179,691,-1940
-149,715,-1944
-138,670,-1920
-184,685,-1935
-150,596,-1843
-173,508,-1819
-275,369,-1835
-348,263,-1847
-392,172,-1904
-450,172,-2002
-445,242,-2096
-408,340,-2130
-331,510,-2127
-240,618,-2070
-183,664,-2001
-126,696,-1946
-111,713,-1926
-88,728,-1931
-126,675,-1919
-158,620,-1879
-217,495,-1847
-284,362,-1836
-359,240,-1833
-434,154,-1865
-506,146,-1990
-485,215,-2108
-424,311,-2138
-349,454,-2134
-283,536,-2066
-234,572,-1989
-176,703,-1983
-131,741,-1936
-120,703,-1888
-167,625,-1861
-250,502,-1847
-272,403,-1845
-337,279,-1851
-447,153,-1870
-449,123,-1929
-480,137,-1995
-479,301,-2102
-413,419,-2132
-391,516,-2091
-341,589,-2053
-254,691,-2025
-205,664,-1939
-183,649,-1881
-196,559,-1849
-302,427,-1832
-391,330,-1845
-478,191,-1848
-522,143,-1900
-522,125,-1988
-507,160,-2069
-452,250,-2123
-387,275,-2094
-349,389,-2077
-332,519,-2045
-273,528,-1992
-264,613,-1994
-243,635,-1885
-251,525,-1820
-326,422,-1787
-417,465,-1765
-481,415,-1813
-583,299,-1870
-586,352,-1969
-491,342,-2068
-420,415,-2080
-389,496,-2075
-332,529,-2048
-227,739,-2107
-187,800,-1915
-214,858,-1818
-166,670,-1811
-282,520,-1661
-395,577,-1691
-443,534,-1784
-547,442,-1840
-436,615,-2143
-384,499,-2049
-344,694,-1978
-284,802,-2020
-233,940,-1902
-198,1002,-1831
-124,759,-1742
-200,660,-1703
-304,617,-1750
-425,480,-1795
-542,387,-1844
-523,492,-2048
-459,386,-2084
-406,503,-2036
-331,728,-1987
-244,866,-1981
-165,832,-1976
-151,808,-1781
-195,890,-1669
-248,778,-1655
-403,618,-1654
-532,465,-1760
-590,427,-1920
-567,473,-2075
-498,397,-2096
-380,471,-2084
-370,584,-2106
-199,989,-2035
-104,718,-1851
-91,816,-1731
-153,788,-1667
-275,660,-1659
-396,507,-1698
-509,471,-1846
-440,254,-1988
-485,535,-2141
-446,529,-2028
-317,765,-2125
-211,749,-1983
-168,871,-1829
-91,669,-1745
-262,588,-1672
-369,514,-1710
-440,485,-1895
-495,387,-1971
-472,436,-2015
-398,554,-2078
-314,596,-2139
-225,711,-2067
-174,815,-1906
-153,656,-1800
-202,665,-1629
-266,617,-1764
-436,441,-1767
-454,448,-1799
-546,453,-1955
-548,459,-2065
-452,560,-2090
-369,614,-1997
-320,734,-2028
-192,862,-1952
-169,849,-1852
-130,823,-1809
-169,764,-1727
-298,652,-1703
-398,544,-1804
-453,370,-1753
-555,336,-1963
-554,310,-2059
-514,346,-2118
-481,424,-2099
-363,673,-2018
-224,747,-1997
-155,896,-1958
-110,825,-1784
-174,790,-1655
-200,671,-1707
-357,549,-1745
-494,383,-1749
-530,354,-1977
-526,299,-2081
-474,493,-2049
-356,506,-2155
-299,503,-2048
-239,777,-1989
-133,836,-1912
-139,717,-1812
-174,685,-1634
-256,758,-1709
-378,367,-1739
-460,380,-1845
-553,520,-2017
-503,410,-2106
-421,451,-2113
-354,572,-2082
-283,686,-2070
-232,759,-1962
-186,825,-1771
-175,784,-1768
-117,601,-1701
-338,669,-1718
-398,515,-1782
-460,381,-1917
-522,347,-2055
-490,492,-2093
-406,649,-2087
-374,535,-2026
-383,681,-2059
-377,710,-1965
-428,768,-2010
-550,915,-2305
-638,1069,-2197
-864,1058,-2098
-679,656,-1717
-277,630,-1702
-84,628,-1531
266,620,-1602
414,648,-1528
544,637,-1678
564,672,-1702
530,694,-1757
531,630,-1751
565,789,-1699
578,710,-1751
650,781,-1715
596,1040,-1862
517,777,-1855
481,758,-1860
408,935,-1946
389,832,-2028
330,774,-2110
222,680,-1974
194,684,-1986
138,537,-1771
178,731,-1764
231,721,-1788
553,702,-1879
553,529,-2166
465,346,-2017
633,541,-1793
664,723,-1869
647,748,-1851
715,689,-1945
651,711,-1893
530,936,-1880
455,985,-1812
437,1190,-1781
370,1013,-1903
91,507,-2029
214,626,-1922
166,5,-1920
224,46,-2003
292,74,-2086
301,160,-2097
262,232,-2147
252,39,-1994
257,80,-1935
271,310,-2030
315,330,-2082
313,302,-2043
349,323,-2007
386,351,-2024
399,374,-2026
392,336,-1993
376,324,-2018
427,350,-1984
418,351,-2007
409,307,-2006
451,354,-2015
506,381,-2027
468,221,-2024
398,158,-1992
450,133,-2051
464,-55,-2137
303,346,-2126
122,-289,-2150
-122,-65,-2258
48,-296,-1840
-79,-4,-1834
-533,149,-1463
-679,581,-1631
-1298,-251,-1866
-1533,-411,-2159
-1093,-816,-1931
-897,131,-2024
-687,123,-2010
-550,413,-1884
-532,226,-1900
-429,307,-1827
-955,-39,-1818
-1246,-64,-1842
-758,84,-1752
-474,419,-1966
-552,10,-2084
-652,-48,-1704
-818,175,-1745
-569,73,-1928
-488,-25,-2058
-492,315,-1974
-620,660,-1996
-513,27,-1805
-595,-114,-1985
-612,-223,-1918
-590,-79,-1867
-576,-295,-1969
-357,-718,-1814
-485,-123,-1982
-469,-301,-1908
-432,-1107,-1722
-477,-668,-1938
-420,-462,-1983
-659,-240,-1893
-751,-417,-1669
-617,-363,-2083
-462,26,-2048
-400,-322,-1834
-396,-516,-1860
-483,-379,-1989
-422,-328,-1989
-402,-367,-2030
-475,-175,-1946
-508,-858,-1785
-512,-766,-1923
-424,-338,-1893
-599,-97,-2017
-612,-471,-1861
-489,-439,-2050
-465,-198,-2011
-457,-234,-1966
-422,-347,-1878
-452,-348,-1981
-431,-263,-1921
-399,-416,-1935
-504,-343,-2074
-362,-242,-1848
-473,-550,-1820
-430,-844,-1837
-490,-426,-2040
-529,-326,-1986
-613,-204,-1912
-616,-460,-1917
-536,-566,-1957
-455,-283,-1937
-493,-278,-1988
-420,-268,-1985
-410,-342,-1982
-427,-396,-1890
-450,-554,-1931
-479,-394,-1993
-493,-456,-1943
-391,-381,-1904
-496,-638,-1832
-428,-852,-1804
-496,-558,-1957
-525,-378,-1980
-584,-265,-1904
-554,-703,-1824
-457,-556,-2000
-463,-257,-1952
-525,-179,-2056
-447,-24,-1956
-388,-567,-1900
-339,-1042,-1905
-507,-175,-2050
-414,-559,-1706
-471,-906,-1816
-514,-743,-2011
-503,-371,-1926
-588,-243,-1902
-642,-387,-1851
-577,-567,-1961
-443,-551,-1961
-454,-367,-1937
-440,-194,-2037
-418,-369,-1878
-379,-651,-1853
-474,-334,-2022
-409,-414,-1908
-473,-738,-1844
-510,-811,-1874
-661,-299,-1939
-621,-141,-1845
-574,-673,-1886
-489,-447,-1959
-487,-392,-1943
-492,-423,-1990
-439,-299,-1941
-477,-364,-2027
-360,-514,-1856
-473,-613,-1910
-459,-639,-1913
-455,-580,-1888
-462,-611,-1927
-427,-408,-1891
-371,-681,-1920
-457,-818,-1794
-545,-800,-1818
-528,-608,-1903
-570,-418,-1973
-554,-495,-1904
-597,-311,-1918
-582,-310,-1930
-555,-662,-1908
-453,-482,-1941
-519,-461,-1965
-478,-363,-1930
-436,-388,-1952
-439,-564,-1898
-420,-541,-1917
-443,-497,-1950
-439,-475,-1910
-460,-586,-1929
-412,-597,-1874
-432,-600,-1935
-391,-632,-1924
-428,-530,-1932
-419,-481,-1962
-386,-562,-1922
-433,-615,-1885
-464,-823,-1802
-494,-613,-1921
-535,-431,-1981
-449,-574,-1902
-542,-313,-1917
-555,-309,-1951
-525,-479,-1957
-512,-384,-1957
-493,-524,-1900
-461,-459,-1891
-458,-419,-1991
-504,-279,-2049
-442,-488,-1943
-442,-487,-1911
-468,-395,-1960
-402,-449,-1953
-398,-469,-1898
-443,-507,-1952
-420,-514,-1941
-406,-572,-1971
-407,-546,-1919
-410,-472,-1937
-436,-424,-2019
-414,-592,-1932
-406,-696,-1894
-415,-689,-1867
-437,-690,-1810
-435,-659,-1914
-443,-512,-2002
-435,-558,-1884
-401,-681,-1865
-425,-602,-1914
-450,-423,-1923
-470,-516,-1904
-447,-638,-1909
-413,-595,-1904
-416,-530,-1980
-397,-639,-1872
-397,-580,-1950
-404,-491,-1969
-370,-515,-1904
-369,-543,-1954
-369,-613,-1902
-387,-619,-1913
-390,-464,-1984
-327,-715,-1864
-425,-880,-1879
-402,-507,-1924
-372,-560,-1937
-356,-676,-1904
-405,-699,-1829
-434,-709,-1864
-417,-656,-1910
-434,-659,-1952
-402,-702,-1843
-396,-667,-1868
-421,-595,-1914
-441,-574,-1924
-432,-714,-1913
-450,-606,-1893
-479,-492,-1949
-543,-771,-1990
-630,-913,-2139
-473,-1000,-2076
-413,-972,-2076
-352,-496,-1870
-281,-997,-1806
-217,-1240,-1726
-263,-1080,-1506
106,-1603,-1746
-79,-1405,-1814
-45,-1537,-1720
-71,-1576,-1704
-55,-1442,-1489
-26,-971,-1437
2,-1491,-1711
122,-1435,-1767
220,-1278,-1564
268,-1158,-1597
265,-1438,-1468
291,-1287,-1308
261,-1295,-1370
257,-1440,-1319
223,-1461,-1194
215,-1459,-1331
156,-1455,-1408
145,-1433,-1368
104,-1523,-1452
114,-1372,-1545
122,-1349,-1566
88,-1403,-1561
95,-1353,-1603
61,-1372,-1573
75,-1369,-1613
49,-1314,-1593
63,-1361,-1535
28,-1330,-1571
29,-1312,-1578
49,-1343,-1588
36,-1274,-1588
45,-1292,-1650
27,-1280,-1643
38,-1315,-1610
25,-1310,-1636
3,-1315,-1642
12,-1320,-1640
6,-1258,-1658
23,-1301,-1636
13,-1312,-1607
3,-1277,-1626
14,-1276,-1636
22,-1294,-1637
4,-1284,-1629
19,-1284,-1663
30,-1299,-1642
19,-1266,-1658
17,-1268,-1670
26,-1282,-1681
-32,-1214,-1672
-25,-1281,-1670
-37,-1249,-1658
-62,-1246,-1663
-70,-1256,-1665
-61,-1241,-1665
-51,-1236,-1664
-41,-1233,-1698
-36,-1225,-1706
-36,-1222,-1710
-53,-1229,-1708
-45,-1197,-1720
-54,-1199,-1714
-53,-1209,-1702
-48,-1203,-1687
-42,-1186,-1708
-22,-1201,-1706
-31,-1206,-1692
-51,-1178,-1712
-48,-1196,-1726
-51,-1187,-1710
-53,-1177,-1703
-52,-1173,-1697
-36,-1164,-1711
-49,-1190,-1703
-35,-1197,-1711
-50,-1179,-1724
-58,-1199,-1737
-54,-1208,-1713
-52,-1173,-1705
-47,-1177,-1697
-41,-1177,-1683
-46,-1164,-1686
-38,-1201,-1709
-54,-1246,-1687
-46,-1234,-1695
-51,-1217,-1726
-55,-1211,-1713
-48,-1213,-1717
-48,-1186,-1703
-38,-1207,-1691
-38,-1265,-1668
-39,-1257,-1671
-58,-1223,-1678
-40,-1226,-1699
-52,-1259,-1667
-43,-1258,-1691
-55,-1214,-1703
-40,-1252,-1659
-24,-1324,-1636
-34,-1283,-1647
-30,-1249,-1660
-25,-1265,-1648
-14,-1284,-1651
-29,-1262,-1675
-24,-1286,-1668
-28,-1279,-1662
-25,-1279,-1659
-8,-1271,-1666
-26,-1269,-1672
-37,-1338,-1669
-18,-1380,-1648
6,-1462,-1618
2,-1551,-1543
58,-1539,-1501
121,-1444,-1577
167,-1252,-1620
248,-1140,-1582
347,-1137,-1508
386,-1137,-1474
413,-1032,-1489
405,-863,-1611
385,-821,-1739
368,-869,-1692
342,-943,-1674
352,-849,-1666
359,-851,-1672
376,-815,-1644
274,-600,-1808
254,-465,-2058
171,-499,-2004
-21,-568,-2098
-112,-488,-2067
-257,-632,-2119
-214,-818,-1917
-344,-1187,-2881
-221,-1528,-1952
-455,-1222,-1571
-275,-1155,-1360
-321,-1412,-1359
-121,-1663,-1463
-128,-1753,-1350
-94,-1879,-1176
-154,-1820,-1144
-172,-1835,-1232
-275,-1698,-1295
-230,-1566,-1400
-328,-1379,-1494
-330,-1247,-1710
-192,-1155,-1758
-38,-1078,-1635
-248,-648,-1463
-293,-517,-1748
-609,-752,-1762
-686,-1015,-2001
-731,-659,-1773
-614,-517,-1837
-658,-479,-1766
-621,-363,-1834
-519,-360,-2309
-397,-460,-1977
-383,-532,-1871
-269,-803,-1885
-444,-738,-1905
-527,-766,-2035
-473,-653,-1713
-480,-583,-1711
-714,-1147,-1797
-706,-1159,-1764
-578,-907,-1725
-563,-693,-1748
-548,-609,-1862
-578,-672,-1855
-611,-784,-1802
-606,-678,-1869
-549,-628,-1836
-548,-731,-1829
-503,-584,-1901
-539,-581,-1931
-368,-776,-1746
-661,-128,-1793
-469,-31,-1878
-751,-610,-1993
-565,-451,-1802
-737,-502,-1917
-765,-595,-1717
-738,-535,-1810
-700,-184,-2146
-635,-334,-1924
-635,-599,-1863
-580,-601,-1953
-508,-308,-1952
-379,-404,-1952
-409,-551,-1997
-444,-557,-1835
-433,-502,-1860
-523,-360,-2029
-465,-195,-1887
-551,-465,-1979
-606,-325,-2004
-403,-216,-1823
-452,-691,-2033
-581,372,-1800
-776,211,-1977
-653,-138,-2006
-592,-184,-1871
-623,-257,-1911
-580,-268,-1980
-587,-179,-2019
-535,-181,-1907
-514,-696,-1663
-612,-466,-1885
-570,-1391,-1715
-699,-1065,-1767
-639,-544,-1926
-571,-707,-1655
-684,-838,-1852
-750,-680,-1847
-650,-529,-1806
-637,-660,-1846
-679,-455,-1870
-609,-421,-1785
-664,-611,-1850
-666,-760,-1750
-694,-210,-1987
-680,-636,-1974
-665,-508,-1837
-647,-590,-1817
-652,-612,-1856
-732,-488,-1948
-726,-736,-1864
-696,-310,-1724
-673,-428,-1937
-646,-490,-1836
-657,-333,-1831
-653,-622,-1765
-694,-801,-1904
-669,-477,-1788
-618,-378,-1819
-717,-499,-1873
-698,-551,-1914
-673,-443,-1921
-655,-454,-1848
-684,-565,-1881
-695,-367,-1826
-721,-535,-1964
-661,-439,-1823
-656,-492,-1836
-625,-474,-1893
-616,-412,-1843
-702,-704,-1903
-634,-667,-1754
-662,-381,-1841
-621,-624,-1840
-642,-529,-1867
-691,-709,-1918
-625,-477,-1799
-619,-468,-1858
-660,-556,-1879
-665,-536,-1907
-616,-560,-1856
-621,-471,-1796
-617,-484,-1868
-609,-559,-1853
-632,-512,-1841
-616,-760,-1817
-623,-489,-1792
-594,-523,-1855
-646,-729,-1843
-640,-677,-1952
-619,-600,-1872
-611,-559,-1784
-641,-568,-1843
-678,-596,-1901
-633,-605,-1844
-618,-641,-1787
-612,-650,-1882
-607,-607,-1845
-602,-541,-1819
-604,-577,-1851
-577,-613,-1842
-608,-638,-1859
-592,-675,-1797
-626,-772,-1848
-563,-479,-1803
-617,-659,-1828
-598,-685,-1895
-609,-629,-1897
-600,-687,-1808
-586,-610,-1815
-661,-641,-1855
-634,-655,-1857
-595,-644,-1783
-576,-709,-1830
-599,-776,-1821
-563,-716,-1761
-547,-807,-1762
-555,-887,-1733
-617,-987,-1761
-564,-767,-1767
-570,-725,-1797
-584,-861,-1771
-600,-878,-1851
-596,-818,-1794
-598,-774,-1766
-598,-827,-1817
-621,-777,-1763
-623,-858,-1824
-614,-825,-1835
-562,-792,-1709
-609,-838,-1742
-595,-838,-1818
-557,-842,-1766
-548,-796,-1780
-562,-893,-1741
-567,-931,-1715
-597,-984,-1741
-565,-745,-1740
-572,-813,-1779
-595,-914,-1888
-575,-728,-1819
-598,-752,-1763
-626,-831,-1846
-572,-848,-1692
-669,-737,-1821
-622,-501,-1848
-611,-458,-1866
-609,-454,-1861
-639,-472,-1915
-686,-510,-1874
-648,-561,-1819
-728,-613,-1833
-697,-571,-1886
-621,-547,-1839
-594,-497,-1798
-594,-666,-1828
-610,-732,-1882
-648,-637,-1814
-601,-681,-1811
-578,-662,-1753
-601,-590,-1809
-655,-764,-2033
-590,-497,-1849
-574,-363,-1829
-584,-636,-1911
-571,-644,-1778
-573,-309,-1949
-672,-615,-1784
-543,-978,-1684
-595,-815,-1821
-650,-808,-1865
-612,-809,-1704
-551,-784,-1678
-580,-727,-1847
-568,-789,-2053
-572,-768,-1645
-594,-579,-1884
-609,-866,-1850
-633,-728,-1759
-524,-780,-1663
-651,-1075,-1868
-535,-761,-1735
-573,-864,-1807
-546,-911,-1767
-549,-830,-1790
-560,-843,-1795
-527,-815,-1836
-523,-804,-1818
-458,-868,-1766
-488,-782,-1819
-485,-740,-1834
-467,-834,-1806
-473,-786,-1780
-499,-833,-1824
-461,-883,-1841
-441,-837,-1816
-450,-839,-1814
-466,-833,-1824
-485,-841,-1814
-495,-822,-1804
-498,-819,-1794
-511,-822,-1819
-527,-832,-1805
-514,-823,-1821
-521,-833,-1819
-543,-831,-1804
-598,-813,-1884
-568,-832,-1829
-427,-783,-1723
-454,-810,-1802
-412,-909,-1814
-258,-777,-1858
-303,-706,-1896
-307,-871,-1750
-483,-820,-1868
-518,-849,-1867
-476,-820,-1731
-489,-944,-1643
-512,-867,-1786
-546,-794,-1831
-524,-748,-1897
-511,-836,-1905
-492,-860,-1801
-511,-844,-1773
-514,-818,-1902
-535,-799,-1981
-397,-921,-1693
-448,-918,-1765
-528,-774,-1896
-506,-659,-1684
-588,-779,-1723
-581,-1009,-1702
-578,-945,-1859
-539,-727,-1965
-503,-776,-1789
-550,-660,-1657
-665,-763,-2032
-641,-810,-1985
-434,-958,-1670
-508,-877,-1585
-484,-998,-1519
-720,-1305,-1956
-383,-822,-1670
-527,-770,-1821
-494,-863,-1856
-452,-950,-1739
-489,-936,-1787
-524,-892,-1767
-681,-858,-1864
-667,-849,-1913
-567,-757,-1690
-558,-802,-1652
-494,-930,-1728
-495,-986,-1772
-446,-876,-1748
-497,-789,-1774
-533,-890,-1817
-592,-972,-1729
-587,-962,-1760
-519,-875,-1758
-539,-854,-1791
-645,-749,-1895
-651,-793,-1966
-440,-873,-1667
-554,-903,-1553
-593,-979,-1582
-617,-1105,-1683
-577,-984,-1744
-538,-977,-1690
-517,-905,-1742
-502,-878,-1840
-492,-858,-1744
-473,-919,-1714
-530,-993,-1741
-559,-946,-1723
-643,-867,-1758
-651,-982,-1837
-580,-839,-1674
-557,-883,-1735
-573,-964,-1781
-526,-1027,-1812
-525,-925,-1726
-480,-926,-1692
-543,-1038,-1699
-604,-994,-1719
-620,-1001,-1680
-618,-947,-1671
-611,-916,-1699
-562,-988,-1726
-518,-951,-1773
-507,-881,-1766
-477,-913,-1739
-487,-977,-1672
-574,-936,-1685
-614,-946,-1784
-658,-945,-1830
-568,-877,-1719
-548,-880,-1698
-575,-871,-1766
-578,-934,-1750
-593,-904,-1720
-593,-911,-1715
-568,-843,-1767
-576,-825,-1794
-591,-844,-1851
-552,-826,-1776
-586,-872,-1722
-618,-894,-1701
-667,-940,-1730
-663,-961,-1728
-563,-906,-1740
-562,-886,-1759
-509,-862,-1752
-550,-884,-1767
-568,-952,-1724
-630,-936,-1684
-575,-975,-1756
-624,-892,-1743
-575,-867,-1727
-567,-924,-1772
-549,-897,-1752
-592,-948,-1736
-612,-948,-1692
-599,-953,-1680
-634,-936,-1713
-644,-915,-1682
-663,-995,-1722
-599,-969,-1730
-620,-902,-1868
-523,-924,-1692
-561,-978,-1695
-632,-981,-1637
-716,-862,-1684
-554,-1036,-1696
-639,-890,-1831
-588,-935,-1695
-532,-916,-1670
-619,-991,-1733
-601,-977,-1666
-661,-1015,-1710
-636,-915,-1655
-614,-969,-1663
-598,-978,-1748
-532,-933,-1700
-568,-940,-1751
-554,-961,-1686
-617,-987,-1682
-649,-995,-1696
-634,-1003,-1705
-615,-921,-1802
-526,-918,-1689
-553,-961,-1734
-590,-970,-1708
-628,-1000,-1689
-639,-1006,-1659
-658,-932,-1663
-642,-965,-1694
-610,-983,-1718
-568,-949,-1700
-569,-924,-1709
-561,-973,-1716
-581,-1038,-1736
-589,-942,-1703
-605,-940,-1690
-639,-981,-1600
-686,-966,-1771
-625,-995,-1622
-643,-1005,-1632
-709,-1005,-1708
-512,-982,-1776
-498,-870,-1756
-522,-954,-1716
-551,-961,-1711
-559,-1055,-1727
-621,-987,-1750
-577,-954,-1707
-547,-913,-1671
-581,-954,-1704
-597,-978,-1725
-583,-1031,-1692
-591,-993,-1679
-593,-946,-1677
-592,-956,-1745
-543,-900,-1723
-503,-956,-1669
-537,-922,-1681
-535,-1043,-1692
-561,-964,-1747
-605,-942,-1768
-568,-987,-1673
-621,-996,-1676
-610,-1067,-1647
-616,-955,-1692
-595,-943,-1715
-550,-996,-1755
-538,-950,-1746
-514,-1008,-1651
-564,-956,-1742
-565,-1035,-1767
-536,-966,-1708
-567,-943,-1690
-587,-976,-1678
-604,-1030,-1661
-635,-984,-1680
-570,-920,-1630
-567,-1002,-1697
-549,-957,-1734
-535,-946,-1669
-547,-905,-1698
-495,-1192,-1877
-598,-946,-1710
-561,-943,-1654
-611,-996,-1713
-623,-998,-1712
-626,-1051,-1698
-598,-1010,-1608
-599,-987,-1665
-566,-994,-1725
-536,-984,-1724
-525,-953,-1694
-555,-988,-1705
-558,-1037,-1684
-608,-1026,-1736
-586,-1004,-1701
-557,-986,-1653
-617,-1001,-1732
-580,-1025,-1621
-864,-895,-1682
-445,-1004,-1667
-625,-1058,-1703
-617,-1044,-1730
-580,-954,-1725
-620,-847,-1824
-629,-970,-1696
-472,-1008,-1659
-531,-890,-1789
-517,-937,-1758
-489,-1013,-1725
-503,-964,-1756
-483,-903,-1784
-477,-936,-1762
-504,-970,-1761
-511,-985,-1780
-528,-1019,-1801
-451,-889,-1822
-424,-830,-1835
-366,-643,-1900
-401,-638,-1967
-357,-660,-1910
-310,-679,-1869
-273,-709,-1792
-216,-776,-1857
-266,-765,-1907
-312,-747,-1923
-295,-815,-1882
-309,-812,-1893
-250,-792,-1854
-255,-790,-1876
-284,-798,-1884
-303,-793,-1891
-305,-797,-1880
-305,-818,-1884
-307,-788,-1875
-293,-823,-1850
-293,-861,-1853
-315,-856,-1873
-314,-850,-1862
-313,-836,-1852
-323,-847,-1846
-310,-845,-1838
-327,-863,-1854
-312,-881,-1845
-329,-884,-1848
-352,-867,-1848
-354,-861,-1838
-343,-892,-1810
-348,-905,-1832
-344,-900,-1826
-357,-888,-1816
-381,-871,-1853
-374,-883,-1832
-383,-905,-1814
-385,-904,-1826
-349,-884,-1796
-311,-854,-1812
-335,-833,-1867
-402,-860,-1872
-465,-892,-1862
-454,-861,-1816
-407,-842,-1801
-309,-842,-1793
-270,-831,-1806
-328,-817,-1886
-412,-842,-1927
-493,-843,-1871
-488,-836,-1822
-453,-856,-1784
-398,-896,-1795
-335,-880,-1815
-314,-840,-1843
-322,-791,-1866
-346,-767,-1866
-391,-773,-1884
-447,-832,-1871
-478,-877,-1843
-480,-907,-1809
-435,-875,-1819
-365,-863,-1822
-297,-844,-1847
-250,-774,-1848
-261,-720,-1861
-330,-731,-1903
-402,-785,-1897
-476,-831,-1877
-477,-861,-1830
-454,-857,-1802
-397,-856,-1833
-341,-872,-1860
-310,-835,-1872
-296,-784,-1851
-298,-725,-1864
-327,-696,-1894
-357,-744,-1911
-390,-777,-1887
-430,-790,-1875
-417,-771,-1868
-379,-755,-1889
-357,-787,-1903
-314,-787,-1897
-307,-715,-1898
-304,-672,-1899
-282,-650,-1899
-288,-641,-1917
-312,-656,-1937
-342,-697,-1924
-354,-680,-1934
-376,-655,-1938
-392,-681,-1957
-397,-820,-1992
-406,-780,-2002
-289,-675,-2079
-260,-425,-1935
-134,-44,-1798
-53,295,-1961
57,1041,-1813
157,1013,-1788
238,1016,-1608
370,1388,-1433
409,1652,-1205
404,1753,-1077
446,1789,-909
507,1689,-761
550,1825,-651
553,1830,-680
555,1936,-632
509,1829,-707
502,1802,-718
481,1826,-763
515,1792,-767
428,1829,-854
437,1799,-836
448,1795,-793
458,1819,-786
470,1806,-755
452,1836,-769
462,1829,-746
460,1823,-754
454,1835,-742
445,1838,-723
450,1852,-700
462,1834,-684
469,1872,-676
456,1854,-667
454,1853,-680
463,1869,-669
469,1848,-668
454,1864,-677
451,1847,-674
462,1846,-676
469,1879,-666
454,1894,-678
435,1822,-708
459,1876,-660
480,1852,-594
487,1824,-518
492,1984,-505
499,1968,-465
508,1813,-455
511,1962,-467
523,1960,-404
525,1879,-403
551,1926,-335
577,1923,-263
596,1987,-254
570,1941,-315
559,1926,-323
572,1926,-331
562,1914,-340
556,1924,-333
563,1928,-312
580,1935,-303
576,1944,-285
578,1931,-273
558,1918,-295
566,1944,-294
570,1945,-271
564,1945,-280
571,1936,-289
564,1921,-282
569,1929,-290
551,1938,-292
548,1925,-286
554,1933,-281
558,1956,-297
548,1937,-318
554,1905,-310
564,1948,-302
548,1942,-341
526,1916,-441
523,1891,-401
529,1943,-390
523,1910,-434
522,1901,-425
526,1949,-457
504,1898,-520
486,1845,-542
495,1948,-566
480,1881,-574
489,1859,-595
462,1860,-651
462,1854,-636
472,1869,-630
431,1833,-690
422,1873,-706
434,1893,-681
443,1862,-622
454,1909,-614
452,1884,-603
438,1891,-624
462,1890,-606
454,1854,-626
448,1862,-632
447,1899,-631
442,1880,-645
451,1845,-642
452,1888,-628
457,1878,-617
449,1867,-635
449,1880,-632
440,1857,-649
458,1861,-635
450,1880,-662
463,1902,-618
450,1857,-643
456,1883,-636
436,1800,-656
449,1928,-658
429,1872,-699
424,1811,-726
441,1856,-683
450,1892,-665
447,1878,-648
444,1871,-638
453,1865,-660
437,1859,-697
422,1858,-728
420,1827,-752
426,1861,-741
417,1867,-743
427,1825,-754
403,1809,-760
375,1838,-836
331,1725,-915
370,1823,-818
394,1884,-806
395,1797,-720
407,1859,-717
376,1845,-801
384,1807,-766
369,1819,-811
372,1825,-740
395,1839,-720
405,1871,-685
428,1935,-491
446,1914,-396
491,1927,-321
481,2008,28
523,1933,-26
505,1903,175
504,2073,213
475,1955,163
456,1946,158
447,2011,199
466,1948,152
468,1936,211
460,1995,223
470,1963,266
464,2002,284
451,1936,257
452,1939,260
440,1946,219
432,1995,289
455,1985,335
445,1939,381
461,1944,391
469,1922,400
456,1966,305
493,1879,328
502,1935,343
485,1994,334
444,2038,369
379,2001,318
372,1993,340
369,1948,269
389,1959,79
428,1994,22
494,1938,110
505,1976,123
495,1987,134
493,1956,190
448,1988,152
430,1986,109
425,1970,66
435,1994,12
449,1970,-15
453,1974,-1
456,1983,20
457,1973,14
446,1972,16
451,1990,19
451,1966,17
448,1999,25
454,1992,15
449,2011,22
451,2045,-29
466,1917,-161
457,1986,-310
398,1941,-598
287,1672,-880
313,1860,-754
279,1793,-830
302,1875,-744
346,1874,-691
368,1888,-661
372,1881,-661
379,1885,-645
371,1864,-675
364,1850,-652
379,1865,-645
398,1885,-633
404,1908,-611
376,1926,-592
342,1945,-586
298,1923,-607
298,1901,-619
323,1867,-640
357,1859,-651
394,1854,-633
426,1862,-596
442,1925,-565
407,1968,-559
340,1939,-572
298,1900,-598
289,1859,-630
336,1853,-669
374,1875,-661
404,1882,-622
412,1877,-557
421,1901,-537
395,1956,-552
334,1950,-583
285,1919,-608
287,1871,-610
316,1869,-631
359,1868,-623
408,1896,-592
416,1898,-569
396,1910,-545
368,1940,-553
325,1944,-568
303,1925,-591
314,1872,-615
333,1863,-615
361,1893,-607
376,1921,-574
381,1899,-559
370,1883,-557
376,1908,-580
359,1928,-588
318,1952,-593
287,1912,-610
294,1892,-607
321,1855,-619
382,1878,-636
391,1881,-628
387,1886,-605
375,1895,-581
370,1901,-569
360,1920,-586
347,1910,-598
342,1886,-614
346,1913,-609
337,1932,-605
327,1901,-615
329,1897,-624
343,1890,-625
364,1886,-623
373,1912,-606
372,1898,-596
373,1880,-590
379,1905,-593
382,1886,-606
368,1896,-593
370,1898,-584
371,1911,-585
383,1907,-585
373,1912,-586
364,1895,-590
360,1901,-592
347,1896,-595
352,1911,-604
339,1905,-628
335,1896,-638
333,1890,-637
338,1877,-649
338,1865,-677
340,1891,-663
345,1874,-667
347,1878,-653
349,1882,-650
351,1878,-655
356,1884,-649
348,1882,-653
356,1882,-655
348,1887,-650
331,1890,-647
324,1892,-660
327,1888,-676
326,1870,-673
334,1858,-672
339,1865,-665
346,1880,-666
338,1899,-671
316,1892,-683
309,1877,-688
313,1858,-689
321,1870,-686
321,1873,-683
325,1894,-674
307,1886,-685
313,1881,-673
302,1871,-693
308,1851,-697
331,1868,-691
324,1882,-692
324,1885,-682
318,1850,-694
317,1866,-690
311,1877,-700
325,1875,-700
326,1859,-685
318,1873,-683
316,1891,-688
319,1848,-701
322,1889,-667
325,1871,-684
319,1870,-690
323,1889,-676
321,1893,-671
316,1864,-708
322,1874,-737
296,1779,-809
289,1787,-884
272,1808,-942
254,1739,-933
235,1770,-989
240,1732,-994
247,1747,-978
243,1763,-967
248,1762,-973
242,1747,-977
245,1749,-975
236,1774,-953
234,1777,-969
226,1743,-955
223,1771,-985
222,1750,-954
211,1742,-974
203,1740,-1007
198,1742,-971
196,1762,-1013
184,1692,-1021
196,1728,-994
173,1754,-1026
165,1732,-1012
166,1688,-1056
161,1701,-1087
164,1676,-1085
165,1685,-1082
158,1702,-1092
158,1699,-1084
158,1708,-1078
158,1682,-1093
156,1677,-1093
164,1698,-1096
155,1688,-1103
155,1684,-1090
153,1688,-1097
161,1699,-1099
161,1682,-1091
160,1686,-1090
149,1681,-1070
157,1663,-1083
195,1680,-1084
179,1761,-1074
119,1757,-1090
96,1694,-1098
97,1652,-1102
135,1639,-1120
180,1639,-1110
212,1655,-1079
224,1680,-1059
209,1773,-1048
139,1827,-1061
72,1740,-1067
58,1678,-1081
94,1648,-1096
165,1634,-1098
223,1668,-1082
247,1689,-1037
243,1712,-1010
223,1776,-1001
153,1841,-1014
96,1776,-1016
97,1736,-1018
98,1675,-1046
167,1697,-1035
220,1680,-1029
243,1722,-998
246,1743,-1000
235,1717,-987
239,1743,-994
189,1803,-1009
130,1795,-999
107,1762,-1013
117,1737,-1012
156,1692,-1038
216,1691,-1046
244,1699,-1032
248,1707,-1014
244,1729,-980
228,1754,-986
205,1762,-997
173,1768,-1010
132,1773,-1034
125,1751,-1025
144,1725,-1022
179,1713,-1028
205,1700,-1042
221,1713,-1023
241,1711,-1011
214,1783,-961
224,1760,-963
234,1724,-951
220,1791,-964
199,1806,-954
174,1839,-942
141,1768,-964
159,1735,-968
192,1741,-988
224,1742,-997
235,1743,-989
236,1741,-961
235,1749,-967
229,1741,-970
223,1756,-976
218,1756,-971
221,1758,-967
200,1807,-967
172,1817,-962
176,1762,-963
184,1726,-969
177,1801,-936
201,1727,-1002
250,1701,-978
247,1753,-974
241,1776,-931
239,1755,-946
234,1739,-954
236,1774,-958
233,1794,-958
215,1809,-949
198,1783,-941
212,1760,-945
221,1759,-961
241,1742,-968
265,1748,-964
264,1760,-952
251,1777,-939
248,1789,-942
243,1756,-959
243,1770,-960
246,1750,-940
273,1797,-921
277,1816,-908
294,1838,-866
299,1782,-947
299,1837,-1000
451,1827,-864
423,1797,-521
360,2028,-481
481,2549,-439
722,2069,-371
515,2044,-248
463,1844,-350
389,1840,-36
331,1788,-132
320,1705,-92
269,1704,-25
260,1742,-60
213,1811,-112
233,1899,-116
220,1902,-37
174,1942,-124
172,2040,-68
124,1985,38
103,1882,-73
113,1939,-41
57,2045,-36
37,1995,-39
13,1976,-78
-75,2076,-87
-36,2083,-166
-75,2019,-195
-68,2027,-278
-120,1946,-253
-118,2049,-253
-190,2096,-152
-162,2036,-281
-144,1941,-135
-222,2084,-259
-338,2047,-230
-364,2011,-190
-476,1893,-218
-414,1974,-197
-468,1951,-227
-480,1872,-289
-503,1940,-314
-526,1815,-212
-500,1887,-401
-559,1780,-248
-529,1966,-435
-582,1843,-423
-589,1932,-413
-498,1919,-576
-537,1918,-561
-506,1913,-580
-505,1776,-718
-508,1807,-655
-507,1838,-723
-538,1741,-652
-545,1703,-734
-575,1672,-672
-541,1762,-792
-514,1562,-685
-579,1679,-836
-486,1854,-767
-476,1773,-775
-458,1854,-848
-422,1899,-860
-565,1602,-869
-517,1675,-1123
-503,1719,-1175
-431,1355,-1357
-439,1438,-1547
-539,885,-1432
-512,1192,-1439
-549,1148,-1547
-548,1274,-1710
-434,856,-1901
-440,931,-1730
-535,1298,-1663
-536,837,-1437
-381,873,-1508
-581,1032,-1588
-646,1137,-1529
-642,891,-1491
-661,848,-1484
-598,964,-1530
-720,1065,-1914
-554,906,-1847
-648,873,-1755
-664,866,-1812
-659,664,-1729
-641,594,-1704
-620,516,-1766
-613,556,-1781
-640,261,-1791
-692,417,-1859
-622,241,-1855
-689,498,-1994
-600,243,-2022
-606,114,-2055
-608,214,-2008
-705,263,-1911
-746,436,-1799
-788,423,-1978
-639,338,-1995
-528,263,-2131
-566,-147,-2137
-614,-111,-1826
-624,-340,-1792
-596,-276,-1702
-747,-98,-1914
-777,-50,-2147
-637,-66,-2077
-644,-114,-1679
-904,85,-1560
-1080,216,-1388
-1141,751,-1713
-1230,278,-2091
-798,156,-1119
-775,1113,-1675
-893,1110,-1442
-355,2077,-1220
-393,1591,-1296
312,2283,-758
251,1726,-1058
634,2028,-369
1063,1702,-674
838,1953,-990
813,1941,-573
547,1969,-917
508,1682,-556
501,1655,-690
674,1612,-661
555,1470,-348
503,1446,-416
584,1891,-290
706,1631,-258
752,1923,-149
778,1645,37
732,1836,276
805,2128,299
705,1959,194
596,2104,-49
549,2249,-221
614,2034,-198
562,2031,-739
546,1875,-694
625,1846,-778
507,1771,-711
460,1368,-915
504,1253,-1251
559,1430,-1454
574,1097,-957
465,2086,-1012
637,1885,-758
614,1948,-109
696,1950,-14
545,2001,118
589,2046,535
605,2165,418
517,1916,466
507,1808,787
516,1786,654
476,2088,399
447,1855,507
493,2055,449
500,1861,654
532,1877,651
450,1857,731
483,1747,767
495,1835,833
479,1661,901
499,1787,876
523,1750,836
474,1928,821
497,1878,941
405,1717,879
347,1639,911
471,1722,1092
447,1688,1216
516,1678,957
311,1791,1080
451,1498,1131
404,1841,1015
448,1706,1198
411,1566,1190
456,1605,1159
498,1633,1164
419,1602,1140
389,1720,1025
358,1663,1190
355,1651,1104
392,1688,1248
377,1725,1028
393,1688,1040
366,1738,1048
310,1630,999
343,1773,1085
320,1733,1156
317,1586,1242
327,1580,1382
299,1447,1456
326,1493,1383
319,1424,1492
312,1409,1473
318,1442,1431
274,1494,1404
270,1496,1397
252,1476,1403
199,1520,1390
208,1451,1470
185,1430,1472
157,1478,1455
143,1464,1465
129,1443,1459
133,1443,1476
123,1395,1477
124,1346,1536
119,1342,1586
128,1352,1559
125,1389,1529
122,1410,1529
119,1422,1470
127,1403,1485
109,1405,1444
101,1400,1491
87,1421,1481
88,1477,1461
108,1483,1431
126,1457,1453
128,1436,1462
133,1424,1459
115,1438,1442
109,1466,1431
121,1472,1440
127,1461,1473
142,1436,1477
139,1421,1482
147,1434,1463
150,1447,1447
143,1447,1456
147,1446,1419
139,1474,1447
131,1465,1449
139,1463,1437
146,1451,1438
148,1445,1454
135,1456,1455
140,1454,1441
138,1462,1449
143,1452,1449
143,1442,1445
142,1452,1451
136,1449,1458
145,1443,1457
143,1441,1451
141,1448,1446
143,1462,1454
144,1442,1448
149,1454,1449
144,1455,1445
149,1446,1453
141,1441,1440
139,1454,1447
141,1452,1446
139,1461,1452
136,1451,1446
145,1454,1454
142,1453,1449
139,1452,1453
135,1455,1442
144,1470,1441
148,1449,1443
139,1449,1437
136,1450,1450
152,1450,1452
151,1452,1440
151,1454,1448
159,1456,1440
158,1459,1440
154,1458,1443
150,1449,1450
146,1446,1454
152,1452,1448
153,1460,1445
144,1455,1447
149,1447,1439
142,1465,1425
150,1470,1434
152,1451,1453
157,1430,1461
158,1435,1461
158,1442,1472
160,1442,1459
152,1449,1440
143,1467,1440
151,1473,1420
144,1480,1407
136,1464,1452
158,1432,1460
169,1430,1476
160,1434,1457
156,1464,1436
151,1470,1435
142,1471,1428
144,1473,1441
143,1466,1430
143,1454,1446
143,1455,1448
138,1461,1453
147,1457,1435
154,1474,1429
149,1490,1448
142,1461,1424
136,1452,1447
163,1459,1440
159,1458,1448
146,1462,1431
136,1450,1440
130,1465,1428
134,1474,1423
143,1477,1432
145,1458,1444
132,1461,1445
133,1452,1442
143,1453,1451
127,1466,1440
125,1460,1435
125,1467,1432
137,1460,1429
129,1462,1438
130,1452,1447
126,1451,1444
129,1462,1449
123,1460,1451
135,1447,1450
131,1461,1435
135,1465,1415
153,1441,1397
135,1663,1433
130,1459,1432
133,1491,1422
114,1422,1479
120,1424,1388
148,1480,1422
137,1379,1461
100,1585,1355
117,1483,1347
91,1535,1374
131,1462,1403
134,1482,1365
132,1458,1406
129,1404,1362
139,1475,1381
122,1178,1443
120,1500,1267
135,1549,1378
166,1504,1301
147,1612,1426
155,1488,1385
125,1497,1343
115,1499,1351
145,1494,1355
156,1467,1362
164,1411,1308
125,2159,1648
216,1613,1374
164,1579,1375
175,1604,1334
184,1517,1343
169,1547,1342
137,1515,1334
150,1506,1318
154,1531,1349
149,1468,1322
163,1427,1292
134,2324,1698
225,1601,1381
177,1556,1314
203,1638,1331
175,1583,1360
184,1554,1324
143,1501,1363
155,1516,1328
170,1511,1345
164,1436,1339
178,1460,1265
174,1897,1447
223,1590,1254
173,1602,1321
188,1601,1280
206,1544,1331
187,1573,1307
146,1548,1314
147,1551,1298
163,1552,1319
165,1459,1267
174,1549,1212
204,1432,1224
221,1648,1145
188,1632,1308
202,1590,1210
231,1580,1273
201,1570,1282
170,1528,1242
168,1557,1286
172,1490,1259
216,1481,1207
242,1732,1254
257,1643,1145
172,1668,1303
193,1575,1206
195,1613,1233
192,1619,1275
164,1607,1233
165,1605,1248
155,1621,1222
159,1575,1220
170,1485,1230
128,1642,1254
181,1413,1459
210,1677,1147
184,1742,1292
205,1527,1164
201,1640,1243
193,1605,1220
188,1592,1209
190,1562,1237
192,1487,1222
136,1806,1263
201,1495,1419
174,1651,1148
223,1725,1254
206,1637,1190
240,1605,1207
209,1640,1206
188,1605,1200
186,1620,1210
172,1640,1218
169,1562,1190
200,1477,1184
124,2454,1490
259,1605,1277
210,1623,1190
241,1731,1192
197,1723,1206
208,1635,1168
178,1602,1195
167,1618,1200
188,1623,1227
180,1584,1164
188,1540,1142
163,2359,1465
233,1613,1214
215,1632,1195
219,1735,1155
212,1680,1179
224,1635,1181
199,1669,1194
198,1631,1149
218,1654,1139
213,1627,1129
174,1561,1101
204,1650,1101
207,1554,1274
204,1756,924
183,1772,1151
182,1667,1100
213,1670,1137
210,1677,1147
183,1640,1120
197,1665,1141
190,1649,1140
182,1605,1128
189,1568,1127
188,2230,1273
235,1689,1055
154,1712,1156
186,1668,1068
206,1605,1105
219,1726,1110
200,1699,1078
196,1699,1101
175,1699,1084
175,1716,1071
165,1671,1037
174,1597,1067
209,1790,1145
170,1585,1305
229,1738,881
218,1810,1080
199,1736,1025
226,1691,1033
213,1803,1014
187,1739,1006
204,1735,957
204,1772,982
189,1719,967
184,1692,934
190,1816,1080
146,1694,1113
300,1792,945
211,1888,946
216,1720,911
210,1810,987
200,1821,949
182,1728,930
212,1795,896
206,1801,851
206,1812,833
185,1744,836
216,2122,1060
104,1749,824
304,1812,884
236,1867,866
247,1823,862
216,1811,859
205,1839,861
235,1868,850
216,1891,807
227,1870,802
199,1616,751
228,1796,675
247,2370,746
260,1900,633
261,1850,698
233,1991,581
255,1906,620
213,1884,633
224,1864,629
240,1904,652
230,1883,618
238,1825,623
224,1895,662
244,2071,695
362,1824,578
180,1971,602
259,1951,587
269,1884,598
240,1930,615
214,1907,626
249,1898,622
249,1932,612
239,1917,589
229,1866,593
220,1832,577
249,2145,664
185,1999,552
285,1895,588
203,1887,614
246,1872,607
285,1882,656
265,1920,616
252,1921,616
237,1892,613
216,1875,594
232,1827,607
235,2174,703
204,1938,565
295,1898,574
215,1998,517
254,1867,547
232,1927,632
248,1905,636
257,1911,590
251,1916,564
248,1926,521
244,1821,545
254,2024,647
178,1942,557
330,1871,543
235,1940,544
276,1946,560
274,1899,583
262,1941,548
234,1931,538
245,1899,560
235,1849,552
230,1877,583
308,2178,504
406,1919,511
178,1990,522
239,1895,537
242,1907,522
240,1976,514
236,1895,554
217,1900,542
217,1858,566
216,1905,607
290,2044,544
366,1947,483
209,1946,538
245,1914,571
250,1922,552
247,1939,570
207,1918,554
205,1920,550
225,1859,557
187,1830,549
238,2144,699
135,1907,539
313,1822,552
191,2077,536
237,1898,508
245,1876,547
195,1957,582
230,1895,575
235,1917,554
222,1893,546
200,2148,593
278,1967,528
221,1955,506
253,1889,542
255,1941,560
261,1936,560
243,1914,562
224,1923,551
218,1928,537
216,1883,554
224,1889,535
261,2236,655
302,2019,530
250,1915,511
212,1904,555
244,1930,571
257,1949,560
222,1922,553
224,1925,551
220,1913,552
226,1883,547
232,2084,677
198,1848,507
281,1832,553
250,1976,548
259,1939,552
266,1906,581
209,1934,584
237,1923,546
224,1907,549
212,1870,550
187,1863,545
256,2041,646
157,1892,561
260,1916,537
233,1960,537
198,1914,526
223,1912,601
231,1926,580
210,1918,562
213,1902,553
223,1861,540
196,2219,653
288,1979,558
208,1942,539
209,1875,554
232,1946,554
246,1938,553
220,1916,542
205,1924,560
218,1909,566
220,1862,556
209,2200,669
242,1979,526
175,1944,511
187,1884,545
227,1954,553
262,1925,561
251,1919,578
230,1931,568
208,1896,561
220,1857,574
176,2116,632
198,1816,528
228,1888,544
248,1982,544
244,1927,540
211,1901,554
179,1968,562
70,2128,383
-126,2418,97
-460,2422,52
-174,2241,1
-460,2270,80
-955,2061,-69
-655,2188,26
-461,2160,489
-574,2206,256
-212,2223,561
25,2245,484
211,2534,336
584,2375,11
727,2554,-303
817,3423,-806
553,2055,-1015
418,900,-1271
515,-254,-1622
762,-78,-1626
812,239,-1139
522,180,-1069
-41,-304,-1198
-1339,-235,-1918
-2289,-773,-617
-2652,-29,-454
-2650,-1314,-1160
-2529,-1441,-1212
-1514,-1399,-643
-1329,-1161,-560
-2390,-1677,-1552
-2120,-1453,-1282
-2624,-1186,-1410
-2238,-1457,-2076
-2280,-1522,-2522
-1951,-1011,-2318
-1148,-1036,-1795
-732,-762,-1662
-91,-586,-942
247,-776,-898
579,-466,-561
780,-490,-147
998,-256,-263
1066,-35,-261
961,458,-568
686,1044,-1598
380,818,-2109
-23,1043,-2315
-723,756,-2257
-890,855,-2127
-1751,-656,-2445
-1378,1372,-1237
-1349,174,-1179
-1679,604,-1666
-1880,99,-1943
-2119,139,-2582
-1655,941,-1822
-912,231,-1090
-248,-117,-996
-57,648,-1381
5,452,-1044
-202,335,-1059
-866,327,-1583
-1485,139,-1532
-1919,117,-905
-2779,-165,-1506
-2583,268,-2587
-1945,465,-657
-1629,583,-682
-1936,526,-1267
-1355,867,-737
-1425,486,-1193
-1218,91,-1390
-1362,443,-1183
-1366,266,-1146
-1335,-122,-937
-1175,-460,-552
-1372,-569,-145
-1687,165,-461
-2515,-74,-581
-2707,967,-826
-1921,461,-676
-2049,255,-834
-1685,240,-647
-2075,467,-422
-2146,165,-491
-1974,-43,-433
-1621,197,-457
-2065,264,-851
-1451,-443,-604
-1494,218,-1241
-1796,183,-990
-1359,-9,-455
1403,-210,392
-5190,416,-748
-1095,-292,-626
-2436,-95,-829
-1015,-656,-696
-2693,124,-846
-1672,665,-985
-1928,95,-1041
-1843,-35,-932
-1817,-50,-576
-1694,285,-928
-1947,495,-820
-1993,671,-536
-2166,321,-811
-1887,414,-690
-2054,-16,-931
-1853,577,-440
-1592,884,-489
-1770,646,-432
-2479,1569,-313
-1846,-3287,-72
-1923,481,-253
-1856,711,-260
-2889,-597,817
-923,567,69
-1852,841,-30
-1680,1006,-613
-1207,1152,-416
-1389,1214,-498
-1356,1138,152
-1484,2093,-436
-1529,1364,-1160
-897,106,-402
-704,471,-1098
-1076,19,-1220
-1188,879,-1513
-1279,939,-1537
-1376,76,-1597
-1002,635,-1562
-974,383,-1997
-832,75,-1080
-879,-306,-601
-1463,74,-2294
-1025,623,-1891
-1797,-563,-1131
-1886,470,-853
-2050,879,-1441
-1769,380,-1511
-1850,584,-1454
-1407,692,-1606
-1228,454,-1332
-1034,590,-1430
-825,1142,-1484
-879,743,-1345
-814,842,-2092
-655,639,-1408
-275,503,-1452
-48,437,-1274
19,164,-1193
106,373,-1325
14,216,-1725
-238,376,-1769
-92,116,-1861
-277,295,-2345
-102,186,-1772
-24,337,-1997
-306,228,-2154
-316,143,-1660
-529,-13,-2384
-673,-332,-1883
-556,-296,-1992
-1093,289,-2186
-1027,-186,-1898
-1038,367,-2063
-910,269,-2319
-962,115,-1812
-768,105,-1618
-763,126,-1850
-860,116,-1926
-981,-24,-1888
-891,-59,-1936
-911,-22,-1953
-854,-22,-1737
-851,31,-1845
-875,-55,-1803
-879,-53,-1799
-807,-108,-1800
-763,-62,-1719
-753,40,-1774
-703,-118,-1778
-775,-165,-1921
-715,-188,-1783
-726,-204,-1781
-780,-166,-1914
-808,-121,-1973
-874,-202,-1967
-896,-251,-1992
-833,-202,-1862
-791,-229,-1826
-743,-270,-1692
-695,-146,-1743
-686,-160,-1654
-588,147,-1901
-534,57,-1884
-492,139,-1902
-424,146,-2020
-431,112,-1916
-501,258,-1943
-431,381,-2019
-439,232,-1815
-469,292,-1995
-418,275,-1984
-413,228,-2127
-333,133,-2055
-385,231,-2196
-364,210,-2086
-358,349,-2134
-347,292,-1988
-268,231,-1994
-269,179,-1997
-183,217,-1814
-224,138,-1914
-232,234,-2061
-268,249,-1891
-297,320,-2002
-351,301,-2059
-374,276,-1910
-382,255,-2042
-363,301,-1974
-381,358,-1900
-371,341,-2023
-329,359,-1977
-328,349,-1979
-334,309,-1966
-401,258,-1889
-305,368,-1983
-374,275,-1961
-454,229,-1890
-357,477,-1735
-410,453,-1682
-384,621,-1935
-408,597,-1739
-479,364,-1872
-360,-113,-1761
-637,567,-2221
-827,184,-1853
-673,905,-2124
-724,189,-1738
-824,-517,-1185
-1199,597,-2062
-933,188,-2001
-746,-703,-1501
-854,-313,-1658
-857,-994,-1081
-917,-1120,-1207
-1099,-1041,-1438
-1187,-641,-1765
-1200,-386,-1614
-1431,-700,-1764
-1531,-1104,-1593
-1543,-1244,-1631
-1392,-768,-1722
-995,-791,-1855
-1003,-482,-1774
-831,-564,-1646
-760,-807,-1444
-759,-760,-1403
-748,-606,-1415
-664,-556,-1329
-452,-625,-1815
-409,-574,-1789
-642,-623,-1605
-652,-796,-1656
-740,-886,-1487
-895,-921,-1514
-1091,-915,-1821
-1098,-914,-1736
-980,-848,-1696
-989,-576,-1697
-1023,-490,-1982
-1058,-588,-1621
-633,-797,-1539
-871,-527,-1680
-995,-774,-1770
-892,-581,-1547
-801,-548,-1456
-990,-825,-1738
-985,-694,-1499
-957,-744,-1500
-923,-407,-1331
-772,-659,-1848
-708,-927,-1129
-902,-547,-997
-1198,-597,-1230
-1678,-1754,-1284
-2827,-482,-1440
-1623,-437,-434
-2625,202,-1067
-1926,-1334,443
-1149,-1630,1025
-2428,-360,-295
-938,646,-20
-1615,956,-704
-1770,-34,-788
-1805,579,-708
-1991,480,-334
-1922,284,92
-1700,317,541
-3379,1275,-322
-2224,158,-261
912,1059,-1920
-2258,-940,-1250
-2112,497,-861
-1965,433,-968
-1599,790,-620
-1807,72,-897
-1887,895,-454
-1693,1471,-457
-1745,14,-572
-2005,576,-913
-1824,740,-638
-1758,157,-413
-1429,602,-531
-1662,592,-689
-1616,759,-835
-1691,433,-695
-1762,852,-710
-1731,732,-844
-1466,99,-1196
-1576,805,-1163
-1333,517,-1141
-1451,638,-1009
-1366,721,-1084
-1497,698,-1197
-1379,588,-1163
-1546,468,-1118
-1392,913,-1095
-1359,244,-1207
-1357,660,-1232
-1307,305,-1388
-1394,548,-1246
-1281,963,-1070
-1293,695,-919
-1454,1077,-495
-1243,2499,-992
-1377,939,-417
-1142,1747,-216
-1376,1500,-204
-1484,1758,-223
-1239,1707,115
-1230,1252,-180
-1264,1699,-57
-1049,1586,-235
-1536,1366,-542
-1267,1444,-956
-1253,1112,-921
-1634,1110,-1057
-1603,1435,-1112
-1734,-234,-1092
-1255,717,-1353
-1424,176,-1239
-1533,-239,-1036
-1611,-1203,-626
-1382,-857,-896
-1823,-210,-1062
-1998,-517,-1404
-1800,702,80
-1849,-421,-879
-1727,-257,-628
-1931,128,-849
-1709,606,-1183
-1630,123,-930
-1768,-75,-900
-1492,-73,-1062
-1659,298,-972
-1491,87,-1322
-1741,563,-1614
-1355,196,-1471
-1588,-361,-1068
-1399,30,-704
-1904,-1152,-333
-1760,-1051,-555
-1594,-430,-547
-1586,27,-341
-1380,865,-1153
-1635,654,-1010
-1570,1062,-1298
-1579,711,-1216
-1542,555,-906
-1624,1182,-1134
-1796,1744,-895
-1676,596,-301
-1478,454,-525
-1712,590,-1281
-1164,-492,-624
-1632,-540,-530
-1981,435,-430
-1766,13,-671
-2236,359,-603
-2063,-280,763
-2754,-390,-1288
-1874,-1396,-994
-1392,-554,28
-1722,-782,-1178
-1427,-744,-970
-1456,-1637,521
-2067,-51,-545
-1475,706,-661
-984,-341,-157
-1262,274,-371
-2135,715,-431
-1846,-918,-854
-1899,-557,-77
-2367,186,-493
-1985,-268,-379
-3138,-221,-876
-2881,153,-518
-2904,-764,95
-2961,-575,-319
-2772,-1219,-839
-2701,-1107,-473
242,365,-197
-2278,-376,-1463
-941,-196,-484
-950,1115,-912
-334,187,-1047
-333,-92,-1335
-173,-262,-1658
-183,-301,-1695
-76,-528,-1762
-173,-756,-1936
-387,-665,-1950
-344,-612,-1872
-302,-806,-1662
-213,-879,-1604
-141,-708,-1844
-236,-522,-1971
-246,-413,-1959
-509,-499,-1806
-705,-393,-1791
-671,-408,-2017
-840,-591,-2122
-804,-450,-1955
-904,-338,-1991
-797,-422,-1894
-725,-243,-1625
-669,-516,-1783
-733,-302,-1734
-592,-249,-1805
-664,-232,-1849
-598,-420,-1930
-444,-340,-1999
-484,-252,-2130
-565,-235,-1993
-567,-304,-1971
-576,-203,-1937
-485,-119,-1860
-487,-56,-1933
-464,67,-2076
-398,-125,-1913
-498,-68,-2026
-440,-65,-2067
-285,7,-2111
-211,-307,-1962
-174,-57,-1959
-351,-96,-2007
-410,-253,-1694
-745,-243,-1960
-702,-240,-1964
-589,-100,-1712
-568,81,-1463
-598,-285,-1502
-706,-150,-1538
-662,-149,-1919
-860,-548,-1959
-766,-328,-1814
-976,-1220,-2193
-1033,-461,-2989
-527,-698,-1855
-738,-595,-1835
-936,-198,-1981
-967,-127,-1730
-920,-219,-1470
-779,-336,-1548
-542,-545,-1472
-578,-553,-1862
-403,-470,-1911
-581,-674,-1463
-755,-291,-1958
-1145,-1077,-2705
-1061,-420,-2089
-635,142,-1537
-875,-591,-1965
-448,-647,-1989
-348,-441,-1867
-603,-404,-1658
-1091,-474,-2251
-1195,-96,-2055
-657,-797,-1318
-885,-726,-1755
-1069,-423,-1639
-1295,509,-1454
-1469,783,-1633
-1536,-329,-1168
-1496,-370,-1941
-1017,-111,-1671
-1019,599,-1450
-878,1264,-1426
-1173,1381,-1762
-493,778,-1922
86,857,-1843
-720,270,-1870
-711,847,-1730
-529,724,-1752
-596,631,-1723
-655,759,-1776
-636,705,-1752
-609,642,-1870
-676,481,-1906
-644,587,-1839
-650,776,-1769
-771,423,-1771
-707,604,-1801
-641,524,-1808
-678,532,-1808
-698,504,-1825
-613,663,-1824
-678,405,-1756
-672,644,-1784
-617,639,-1842
-581,537,-1798
-607,630,-1833
-612,490,-1837
-702,449,-1826
-617,666,-1805
-658,505,-1813
-543,524,-1885
-668,615,-1850
-635,455,-1873
-717,198,-1698
-863,928,-1839
-640,543,-1717
-829,360,-1520
-922,485,-1634
-1013,1221,-1576
-925,1375,-1395
-1064,556,-1519
-1089,621,-1343
-956,868,-1344
-267,1996,-1308
-1682,1205,-1078
-1280,903,-1167
-1370,674,-1181
-1233,1375,-808
-809,2122,190
-3142,1098,-1140
649,-131,-801
-21,-749,20
-1369,1191,1023
-2789,-1296,-343
-1341,-617,-971
-3561,-474,-398
-1799,490,54
-4734,1468,263
-1079,-474,549
-4071,407,-3633
-1701,342,-243
-1513,449,-295
-1671,308,-373
-2963,636,23
-1917,510,-248
-3451,208,-818
-1919,221,-422
-2139,325,-107
-1970,629,-15
-1847,388,-273
-2242,-111,-354
-2188,-34,-249
-2115,-410,-58
-2508,-363,-530
-1616,-506,40
-1841,559,122
-2571,-2091,-193
-4029,-1577,-186
-2222,-649,138
-2238,727,-153
-1746,289,-257
-2129,-93,-68
-2870,-471,58
-1622,386,-27
-3124,156,103
-560,28,1014
-2767,-1391,356
1537,853,200
-1771,712,-904
-1309,15,-701
-1493,696,-463
-2002,240,-254
-2483,529,-159
-2045,767,154
-907,-419,2051
-2310,713,-1079
-1583,26,-495
-1618,1884,59
-1774,521,-380
-1924,1142,-32
-1539,-372,-809
-2343,275,-667
-1312,276,-370
-1726,826,-561
-2145,-20,-968
-2270,-1316,341
-2006,519,-716
-1788,-310,426
-1867,977,-241
-1973,493,-338
-1202,2020,-625
-2155,1908,-1336
-2251,473,-763
-1413,250,-723
-2138,-194,450
-1970,-772,128
-2451,1073,-1652
-1613,-449,-502
-1471,4,-706
-1802,-525,-831
-1725,-51,-102
-1549,402,-883
-1978,51,-1058
-1385,-3,-463
-1407,221,-540
-1696,294,-441
-1256,942,-467
-1371,1012,-181
-1769,750,36
-1888,221,-274
-3431,-293,214
-2658,473,9
-2011,-263,287
-1887,141,-139
-1734,15,96
-2011,-136,-90
-1841,210,-19
-1956,-111,190
-1897,-226,-234
-2435,578,-281
-2055,-731,-5
-2138,1052,104
-1949,416,-75
-2242,477,-382
-1705,-258,-679
-1847,-320,135
-1899,-684,-536
-1913,-232,-124
-1943,-254,-562
-2109,181,-551
-1617,-576,-820
-1633,-997,-644
-1132,-872,112
-1788,-837,-298
-1950,-490,-454
-1822,-927,-678
-1762,-103,-1088
-1830,-688,-930
-1936,-699,-1047
-1762,-232,-955
-1671,-360,-906
-1835,-326,-1146
-1577,-697,-817
-1556,8,-914
-1393,-241,-1193
-1794,-507,-779
-1960,-52,-570
-1755,-618,-651
-1775,-66,-259
-1763,554,-1004
-1784,-1335,-252
-2064,-148,-20
-419,-895,-472
-4911,-148,215
-2742,-630,387
-2083,774,121
-1992,-1229,-329
-1621,1646,1337
-1866,-63,-835
-2269,344,-749
-2305,-1163,-558
-2118,-128,-56
-1664,255,26
-1623,310,-10
-2031,387,-148
-1664,143,571
-2117,-917,-273
-1993,-232,-406
-2077,-98,-235
-1760,1723,-248
-2460,609,241
-1978,-508,63
-2426,-334,-8
-2423,-60,-334
-2936,146,136
-2374,652,-682
-2504,-175,85
-2200,-496,-984
-1852,-726,-260
-797,-362,73
-821,-514,-385
-244,-261,-451
-802,395,-977
-1009,572,-991
-1052,553,-1320
-1199,378,-1446
-1232,336,-1494
-1358,251,-1471
-1453,158,-1536
-1578,224,-1781
-1697,295,-1855
-1625,190,-1932
-1577,239,-1850
-1401,189,-1602
-1038,158,-1669
-1022,652,-1628
-502,259,-1149
-447,116,-1536
-428,12,-1612
-278,-18,-1597
-430,-184,-1638
-398,-418,-1597
-490,-418,-1772
-509,-909,-1444
-667,-741,-1821
-963,-946,-1758
-1389,67,-1825
-977,-631,-1681
-1221,-466,-2055
-1390,-242,-1823
-1428,-707,-1553
-1373,-775,-1320
-1217,-1029,-1304
-1197,-241,-983
-1099,516,-1716
-411,1010,-1649
-286,1866,-2116
-346,1306,-2171
-139,609,-1507
-594,738,-1349
-1601,1272,-1896
-1977,-58,-2182
-930,-321,-2336
-615,87,-2198
-32,-508,-1307
-430,-337,-939
-1288,-559,-1280
-716,44,-3110
-633,324,-841
-657,2126,-1140
-721,1669,-121
-1326,-976,333
-2227,73,-1087
-2313,756,-1515
-3428,2488,-1683
-1485,2795,-107
-2398,-1565,163
-1779,-852,-88
-1482,-1867,530
-1958,-226,468
-1902,1274,-94
-1570,1276,-410
-1798,1548,-66
-1605,621,340
-1725,1253,545
-1635,153,-186
-2129,-97,-74
263,404,-235
-2007,-44,-457
-1851,-131,-525
-1947,-25,-563
-2423,-466,-1634
-2239,-34,-710
656,1165,1487
-4922,441,-1031
-3888,-938,240
-819,417,729
-3424,-238,-341
-1829,596,221
-1882,-653,-418
-480,131,380
-1375,785,-354
-1085,153,-92
-549,441,-252
-721,167,-405
-888,551,-1387
-1070,-219,-1443
-543,-408,-1909
-1051,-584,-1382
-1208,261,-1326
-1893,-1831,-1914
-1847,-68,-1566
-2409,-594,-1525
-2438,-251,-1849
-1537,-436,-1085
-883,-694,-110
-325,-602,-150
-650,-457,-328
-1228,-132,-1024
-2077,-858,-1385
-1988,-722,-529
-1711,-677,-666
-1818,-1411,-268
-1954,23,-308
-2453,257,-1363
-2973,1035,-2077
-2441,580,-1026
-1740,352,-677
-1522,324,-911
-1010,277,-604
-1038,-14,-778
-1066,33,-850
-1077,383,-920
-1439,777,-1480
-1659,1021,-1753
-1363,580,-1305
-1353,379,-1225
-1401,343,-1377
-1325,421,-1356
-1436,465,-1331
-1487,764,-1292
-1449,874,-1242
-1386,780,-1257
-1420,714,-1228
-1319,578,-1340
-1186,556,-1339
-1265,525,-1412
-1158,549,-1470
-1071,605,-1471
-962,678,-1554
-753,351,-1753
-501,650,-1508
-487,420,-1891
-636,517,-1709
-513,1023,-1464
-959,1115,-1824
-987,391,-1460
-1192,1210,-1836
-963,451,-1801
-1263,414,-1666
-797,219,-1604
-1149,229,-1968
-1096,553,-1406
-1285,-43,-1630
-1098,413,-1546
-1079,662,-1331
-1271,429,-1609
-1137,654,-1670
-898,-317,-1717
-730,-643,-1572
-1047,-68,-2028
-836,-365,-2124
-773,-576,-1754
-643,-403,-1647
-701,-117,-1811
-732,212,-1563
-823,876,-1696
-894,1197,-1629
-895,1019,-1573
-844,994,-1622
-891,212,-1717
-854,212,-1692
-808,411,-1595
-864,447,-1641
-934,87,-1818
-817,528,-1501
-695,147,-1489
-778,1,-1488
-1169,140,-1554
-1129,25,-1333
-1855,661,-1743
-1888,1002,-2059
-1608,581,-1677
-1635,-130,-1283
-1451,-979,-1495
-1166,-118,-1408
-1084,751,-1795
-982,-454,-2018
-617,74,-1341
-1027,-401,-1592
-1001,-455,-1803
-1191,-215,-1622
-1179,350,-1579
-1092,160,-1602
-1134,359,-1535
-954,347,-1670
-1220,41,-1706
-1155,75,-2061
-1145,454,-1744
-844,190,-1450
-1047,272,-1444
-670,405,-929
-1024,344,-1289
-793,319,-1090
-1054,1045,-1187
-911,1170,-1170
-1487,870,-462
-3474,128,41
-2613,-441,-920
-3172,684,-372
-2657,648,-321
-459,1460,1161
-1323,-1417,-478
-1661,-899,-2053
-1745,491,-738
-2531,829,-204
-2312,492,-248
-2062,896,-1275
-1379,167,-1206
-812,4,-707
-1655,897,-985
-1816,712,-1154
-1255,794,-823
-1540,374,-868
-1814,778,-1319
-1738,641,-1436
-1487,583,-1339
-1321,140,-1273
-1484,641,-1130
-1459,969,-887
-1567,1260,-925
-1886,1085,-883
-1889,785,-560
-1970,591,-1008
-1626,1137,-1179
-1586,773,-674
-1307,1159,-1060
-1058,504,-386
-2136,552,-938
-1961,584,-570
-1684,-96,-133
-1023,332,-460
-711,809,-277
-1299,698,-374
-1193,1320,-915
-1592,921,-993
-1550,1297,-703
-1077,714,-1008
-2127,1028,-729
-2323,463,-642
-1958,704,-1416
-1616,277,-1321
-1547,-64,-1023
-1830,-355,-1032
-1519,98,-1082
-1613,368,-921
-1856,299,-1004
-1691,169,-1033
-1720,-109,-903
-1933,-64,-1079
-2014,361,-1238
-1570,565,-1008
-1171,453,-945
-1498,256,-989
-1701,777,-1013
-1417,873,-829
-1521,827,-1050
-1717,534,-934
-1839,426,-520
-1448,496,-816
-1827,509,-719
-1898,719,-609
-1722,769,-583
-1522,672,-847
-2100,461,-794
-846,180,-554
-1438,523,-806
-2276,680,-722
-1598,354,-694
-1436,309,-604
-1407,673,-788
-1392,168,-622
-1786,366,-544
-2046,517,137
-1758,473,-357
-1578,501,-1154
-1848,253,-434
-2011,-102,-733
-2135,-159,-399
-2038,212,-237
-2068,-250,-590
-1842,-266,-392
-2170,-675,-768
-1979,-527,-375
-1952,-688,-896
-2302,1093,-584
-1754,518,-443
-1580,417,-132
-2215,-651,-615
-2042,-129,-449
-2025,-115,-914
-2003,-565,-731
-2071,-508,-261
-2149,-352,-58
-2278,3,-252
-2366,-87,-494
-2222,-177,-523
-2381,7,-253
-2288,-91,-66
-2693,170,-95
6287,-298,1152
-1190,2502,1973
-4851,1841,-660
1062,145,-336
-3356,529,-485
-1644,94,-370
-2076,668,-740
-1065,1006,-77
-1265,1243,95
-1015,828,-126
-724,1134,-727
-827,680,-1127
-699,111,-1189
-697,124,-1936
-943,734,-1996
-624,339,-1013
-685,-188,-1186
-1637,-71,-2121
-1227,-179,-1254
-1593,-535,-1648
-1228,-942,-1380
-1050,-959,-962
-969,792,-1884
-787,1253,-1922
-795,955,-1215
-737,569,-839
-1759,-1033,-1119
-1725,346,-689
-1344,170,-56
-1903,136,-169
-2127,17,-266
-2941,-166,-1119
-1986,-190,-288
-2392,612,-330
-1863,584,-29
-2131,650,-282
-1788,1082,-578
-1940,537,-710
-1674,496,-249
-1935,650,-314
-1956,193,-489
-1514,716,-466
-2032,133,-125
-1960,499,-470
-1945,-611,145
-1834,117,-37
-1920,326,-567
-1751,388,-402
-1925,502,-651
-1831,-27,-542
-2072,272,-586
-1722,-230,-75
-1920,-319,-45
-1318,-63,261
-2002,-38,240
-1755,882,-478
-2614,965,-667
-1634,555,-313
-1727,-35,-356
-1891,405,-234
-1309,-378,-322
-2113,-377,85
-1819,206,-3
-2190,185,2
-2482,-240,316
-2033,-1193,-319
-1971,-136,-134
-1688,-694,830
-2041,1973,-686
-2033,-61,148
-1897,405,43
-2332,543,-291
-2380,-315,-248
-1839,556,492
-1811,-453,72
-2011,57,-64
-1888,93,-41
-1927,124,-167
-1981,-22,-136
-2027,-121,-93
-1945,-696,-47
-1877,-232,-26
-1885,-48,80
-1903,-229,-183
-2007,-366,184
-1880,-187,-243
-2034,-791,-382
-1960,-201,299
-1272,876,-33
-1623,1289,109
-1777,496,-714
-1658,1613,-61
625,1695,-1269
-1607,975,13
-2079,-297,-111
-4930,-1678,72
-2777,174,-103
-2039,-214,-93
-2196,1704,180
-1960,281,-1208
-196,-131,-856
-2648,-19,-407
-1400,-1171,16
-1661,-233,-794
-375,-1123,1469
-2554,289,140
-1789,-640,-284
-2128,10,-272
-2288,-481,-9
-2583,628,286
-1983,668,-197
-2360,149,51
-2329,397,224
-2546,763,-39
-1818,-305,-185
-2012,-352,202
-1684,341,77
-776,489,-227
-3060,1771,-113
-261,-732,1039
-2012,161,-1227
-1868,662,-736
-833,-584,276
-1434,-775,318
-1914,349,-609
-1782,-452,140
-2202,354,-737
-2309,299,-374
-2637,-157,-193
-1967,-448,279
-2798,-97,-1062
-2409,-195,-859
-1927,-364,-1106
-1336,-256,-1317
-1939,-80,-555
-1430,187,-679
-2345,96,-913
-1545,-284,-705
-1111,103,-673
-957,3,-551
-1464,737,-1178
-1467,231,-1035
-1648,948,-1002
-1632,844,-1126
-1896,372,-955
-1797,572,-784
-1565,426,-768
-1656,683,-1106
-1289,623,-969
-1194,360,-974
-1438,824,-1247
-1523,506,-1196
-1604,551,-1230
-1520,346,-1057
-1602,636,-944
-1574,654,-1023
-1670,593,-928
-1575,695,-895
-1553,701,-798
-1627,642,-876
-1686,654,-1096
-1395,607,-846
-1627,720,-1080
-1508,574,-904
-1579,466,-1021
-1599,675,-893
-1633,226,-838
-1665,832,-1012
-1494,635,-757
-1672,470,-960
-1660,372,-959
-1597,367,-1056
-1707,525,-1112
-1676,171,-981
-1615,378,-1213
-1394,724,-1242
-1422,638,-1200
-1457,411,-1117
-1655,391,-1076
-1728,325,-1006
-1668,252,-1049
-1446,353,-918
-1515,469,-1060
-1552,427,-1097
-1578,434,-1120
-1616,352,-1087
-1572,480,-1052
-1607,275,-1029
-1620,265,-1063
-1548,436,-1110
-1472,478,-1125
-1634,504,-1058
-1624,449,-883
-1657,509,-907
-1658,348,-884
-1680,284,-1016
-1726,499,-1431
-1556,593,-1375
-1575,686,-1361
-1383,462,-1491
-1394,568,-1742
-1294,588,-1539
-1201,463,-1502
-1121,677,-1570
-1095,676,-1198
-1260,237,-1342
-938,456,-1105
-1031,230,-1573
-1007,-247,-1806
-675,-240,-1094
-692,193,-1245
-518,1609,-386
-838,2985,-491
-776,2495,101
-941,1103,387
-1947,373,-132
-1696,-188,-450
-1899,193,-376
-2396,399,-306
-2161,42,-79
-1801,298,159
-1541,328,-195
-1638,119,-64
-3708,1193,-495
-2365,317,-1238
-1530,493,-502
-1534,921,-29
-532,1072,2474
-1532,1233,98
-1575,1320,-28
-1868,750,-1606
-2032,856,-1287
-1867,698,-646
-2101,1001,-748
-1648,2026,-170
38,499,-421
-5617,619,1197
-439,873,-364
-1211,-496,1401
-223,615,725
192,880,345
-507,895,249
-1939,2328,359
-1243,1056,-736
-2261,410,52
-1905,568,-209
-1901,-18,-558
-2084,179,108
-2385,384,260
-2323,317,-196
-1579,150,-799
-1810,21,621
-2286,194,-228
-2952,-96,-265
-1664,-10,25
-1657,346,-4
-2066,507,129
-2312,618,57
-2210,364,-63
-1921,280,-9
-2140,374,-93
-1900,188,-33
-1939,250,-63
-1990,329,-187
-1925,252,-259
-1949,75,-274
-2030,137,79
-1857,242,-37
-1847,292,-39
-1921,190,68
-1986,59,0
-2147,-68,-28
-1890,284,-253
-1919,142,-188
-1883,122,-81
-1987,173,122
-2041,112,9
-1936,259,-60
-2117,236,-65
-2198,219,-160
-2254,309,96
-2136,336,243
-2387,261,149
-2226,217,120
-1356,63,1292
-2938,866,151
-1447,693,-1117
-2553,780,-560
-1795,563,321
-2166,798,-523
-1505,215,340
-2011,211,19
-1869,641,-187
-1638,739,505
-1186,736,24
-856,-183,-240
-1199,457,-805
-917,449,-1290
-1051,301,-1511
-1140,-172,-1575
-1249,-169,-1325
-1330,206,-1164
-877,261,-157
-2037,190,-648
-1865,689,-696
-1904,791,-331
-2021,911,-93
-2480,-548,-532
-2501,-806,-360
-1927,30,-612
-1907,-15,-840
-1671,-134,-480
-1751,800,-420
-1788,819,-583
-1616,795,-721
-1811,1187,-830
-1332,717,-498
-1684,541,-889
-2340,-357,-449
-1723,-596,-246
-1771,-646,-375
-2935,269,-318
-1397,-125,212
-1914,660,614
-1724,386,-683
-2008,348,-800
-2217,-205,-761
-2081,-168,-663
-1566,44,-146
-1877,-187,-249
-2292,141,148
-1909,-94,630
-1726,-1125,6
-2290,524,219
-2092,58,-359
-1876,310,-38
-2346,-284,73
-2033,521,-430
-1918,302,-609
-1952,308,-387
-1632,765,-793
-2077,-588,-576
-2100,-764,-615
-1584,-589,-134
-2712,-322,-142
-2006,-330,-398
-1834,111,-469
-2307,216,-52
-2007,-343,-119
-1883,131,-275
-1879,-394,-482
-1603,-3,-220
-1600,-574,-585
-1542,-117,-446
-1939,-203,-502
-1968,-248,-369
-1882,-310,-348
-1883,-205,-390
-2352,-29,115
-1579,607,-430
-1466,541,-890
-1607,138,-594
-1805,-132,-517
-1888,-219,-554
-1906,228,-535
-1848,-217,-564
-1821,-15,-465
-1817,-102,-624
-1770,181,-402
-1789,601,-500
-1782,419,-662
-1808,269,-467
-1824,-45,-671
-1812,183,-802
-1778,594,-441
-1885,426,-510
-2084,-82,-898
-1837,241,-506
-1857,143,-570
-1851,404,-206
-2121,-80,-885
-1673,322,-375
-1842,-9,-781
-1629,225,-851
-1973,-126,-693
-1679,32,-472
-2110,-174,-878
-1709,133,-720
-1950,-9,-726
-1734,578,-568
-2082,-228,-941
-1819,-42,-736
-1884,-84,-809
-1971,-83,-892
-1755,-459,-462
-2246,-1080,-723
-1552,-968,207
-1610,-633,120
-1712,-915,-615
-1786,-494,-606
-1773,-694,-699
-1836,-808,-361
-1866,-430,-356
-1732,-648,-624
-1612,-978,-547
-1529,-692,-569
-1967,-1014,-475
-1604,-179,-491
-1635,-1010,-589
-1737,-194,-1333
-1558,683,-447
-1361,-894,-560
-1807,-310,-1054
-1596,-110,-826
-1469,-80,-504
-1629,-162,-660
-2174,-402,-637
-2300,-300,-244
-2304,-1036,140
-2179,-247,768
-2468,429,-739
-2419,-709,-670
-3194,-63,-368
-3167,-1050,-997
-3186,-739,-442
1332,794,1769
-1444,722,-449
-2049,-550,-736
-1525,234,-824
-971,179,-778
-895,545,-1352
-404,367,-1287
-338,515,-1716
-202,142,-1912
-93,-112,-1691
8,-75,-1983
74,-238,-2021
82,-305,-1858
207,-147,-1742
187,-71,-2002
235,-30,-1783
261,138,-1930
354,161,-2147
363,191,-1844
397,280,-2022
389,364,-1829
374,526,-1847
369,601,-2042
331,547,-1876
369,670,-1894
356,689,-1993
385,709,-1854
424,759,-1960
445,855,-1832
506,935,-1759
546,1094,-1849
552,1079,-1734
574,1160,-1519
530,1264,-1523
529,1166,-1460
409,1084,-1379
355,1033,-1434
244,984,-1736
188,904,-2443
168,650,-1920
215,1016,-1772
264,910,-1812
321,1037,-1686
212,1221,-1670
101,1630,-1726
-375,1721,-1971
-589,797,-1928
-985,1249,-2488
-974,690,-2025
-963,-46,-1549
-1333,966,-1766
-952,823,-1584
-745,504,-772
-1145,-47,-923
-1259,1219,-1580
-1625,1194,-1557
-1147,627,-1118
-1556,310,-824
-520,102,-1027
-1363,923,-1561
-1637,-106,-1767
-1380,295,-2124
-1265,-357,-1411
-883,499,-1356
-1281,455,-1881
-1348,1012,-1907
-1142,808,-1704
-1034,1258,-2661
-628,1122,-1941
-505,1048,-1848
-381,1522,-1386
-283,1289,-1519
-286,1331,-1515
-107,922,-1216
-86,773,-1379
-40,283,-1147
-278,221,-1236
-1423,372,-1078
-2067,817,-1310
-2383,496,-1281
-2054,547,-1282
-1587,373,-1334
-2169,150,-1390
-1981,262,-1287
-2096,193,-1488
-1811,342,-1520
-1645,171,-1381
-1356,537,-1099
-2062,1168,-569
-1828,465,-340
-1491,770,-486
-1547,796,-1586
-3,2786,-3792
1218,1054,-2186
-197,1510,-1237
313,511,-1360
58,864,-832
-430,1484,-1277
-705,804,-796
-719,1342,-1242
-824,1100,-1161
-2080,2152,-785
-1657,1899,-898
-1610,1469,-748
-1648,420,-786
-1523,471,-855
-1366,534,-1007
-1411,1045,-1496
-1099,1624,-1406
-1112,1760,-1597
-1382,1353,-1357
-1136,1327,-1145
-1009,1413,-1091
-1213,1173,-920
-1247,944,-1024
-1036,349,-703
-918,1355,-977
-668,830,-1114
-829,1112,-1159
-779,1247,-954
-733,1074,-1706
-762,1135,-2821
-258,1138,-3431
-808,199,-1871
-777,55,-1006
-1050,601,-1614
-1096,502,-1683
-1259,605,-1968
-965,547,-1755
-545,522,-1796
-523,332,-1801
-360,459,-1695
86,245,-1559
346,-57,-1438
329,-76,-1604
-115,-131,-1251
-762,437,-1274
-1819,282,-1213
-2222,310,-985
-2498,1040,-1780
-1987,338,-1427
-1443,446,-1558
-1086,806,-1939
-782,1047,-1879
-761,656,-1628
-516,936,-1499
-782,1112,-1904
-363,1275,-1249
-732,821,-1326
-723,727,-966
-1083,812,-1433
-1284,968,-1438
-1257,906,-1502
-1307,1043,-1546
-1200,896,-1416
-1064,893,-1559
-1118,956,-1604
-975,877,-1439
-999,872,-1500
-1194,1049,-1617
-1067,655,-1543
-1096,559,-1525
-1145,711,-1666
-1083,309,-1527
-974,155,-1531
-1117,309,-1598
-1602,226,-1823
-1594,155,-1595
-1814,549,-1732
-1789,401,-1644
-1202,406,-1437
-1046,264,-1929
-541,616,-1408
-23,943,-1345
321,927,-1462
579,1342,-987
621,1471,-142
904,1821,-129
521,2245,148
190,2091,-789
217,1966,-359
-43,1306,-313
445,2956,268
366,2629,-99
138,1583,-102
891,1491,1425
1616,1516,257
969,1762,352
575,1853,654
919,1819,755
991,1676,954
982,1618,929
1001,1756,489
1150,1695,878
1289,1662,789
1140,1419,904
1237,1428,920
1251,1607,929
1234,1622,773
1249,1644,848
1227,1547,782
1285,1696,678
1207,1537,808
1337,1604,641
1187,1574,449
1246,1616,420
1143,1642,343
1182,1723,299
1197,1795,306
1063,1720,153
1047,1816,55
913,1917,126
1005,1758,8
1069,1695,-59
1053,1637,-142
1116,1579,-301
1294,1720,-276
1136,1319,-180
1299,1550,-151
1344,1649,-76
1402,1398,204
1515,1466,320
1437,1591,278
1419,1714,438
1436,1598,369
1694,1397,337
1599,1764,210
1357,1395,492
1680,1289,583
1351,1401,288
1629,1424,84
1457,1500,-32
1556,1197,31
1505,1227,87
1568,1313,41
1618,1245,-27
1652,1431,107
1660,1285,49
1714,1387,-159
1544,1809,-395
1631,1282,89
1540,1387,383
1381,1360,439
1458,1196,527
1552,1635,720
1423,1412,501
1509,1398,467
1703,1979,-77
1693,1814,-325
1682,1549,-353
1670,1270,-347
1694,833,-567
1323,602,-1045
1384,38,-1411
1805,223,-1050
1657,770,-855
1611,1924,-491
1597,1357,-535
1839,1157,-480
1665,1147,-572
1613,1000,-356
1619,1315,-681
1710,1259,-704
1664,1091,-629
1602,1067,-575
1702,1105,-622
1642,1289,-661
1689,1177,-585
1660,1331,-462
1695,1176,-581
1573,1104,-526
1542,1051,-351
1707,1261,-387
1631,1444,-449
1596,1326,-471
1602,1368,-437
1610,1335,-371
1659,1351,-368
1585,1200,-261
1620,1177,-222
1630,1097,-34
1622,1070,68
1665,1261,1
1518,1400,-23
1528,1424,103
1514,1528,158
1557,1538,396
1495,1599,557
1433,1409,613
1090,1308,572
1371,1562,722
1697,1419,1084
1226,1464,750
1292,1416,912
1308,1442,923
1275,1545,785
1256,1559,787
1260,1479,796
1257,1433,798
1257,1407,752
1292,1348,1002
1291,1406,990
1298,1453,995
1232,1491,761
1234,1479,732
1221,1517,621
1253,1469,811
1234,1597,663
1228,1636,668
1256,1657,733
1231,1509,619
1061,1666,175
1244,1533,351
1065,1701,307
1187,2053,390
1155,1513,780
1135,1516,725
1203,1479,885
1226,1491,647
1074,1823,702
1120,1688,600
1123,1665,583
1108,1718,518
1146,1644,589
1136,1588,616
1118,1698,503
1149,1675,574
1110,1668,508
1119,1669,591
1151,1684,525
1122,1630,484
1141,1632,522
1133,1641,548
1148,1679,573
1142,1647,611
1158,1627,610
1141,1670,614
1153,1637,633
1132,1715,581
1149,1624,555
1165,1637,551
1142,1599,535
1195,1586,632
1155,1585,613
1160,1619,621
1177,1599,660
1158,1600,679
1158,1605,667
1168,1614,665
1143,1629,669
1157,1616,693
1144,1603,670
1163,1580,698
1156,1626,697
1171,1585,694
1151,1619,702
1155,1799,765
1203,1648,846
1229,1544,755
1202,1502,663
1225,1508,584
1221,1533,440
1201,1684,323
1241,1637,249
1231,1629,263
1235,1576,265
1282,1548,351
1254,1579,405
1290,1607,412
1255,1632,413
1288,1610,449
1263,1604,423
1250,1609,393
1261,1625,386
1252,1612,381
1246,1602,342
1241,1589,399
1283,1615,410
1257,1579,488
1253,1583,506
1251,1584,547
1253,1652,485
1232,1647,519
1235,1631,484
1217,1608,489
1223,1637,487
1233,1612,508
1231,1622,530
1232,1611,517
1223,1614,518
1244,1612,515
1228,1611,480
1230,1593,488
1238,1594,475
1234,1616,472
1236,1609,474
1230,1607,482
1238,1598,467
1244,1614,463
1239,1595,481
1240,1613,474
1232,1632,463
1229,1608,481
1244,1595,482
1244,1615,483
1242,1598,483
1240,1616,490
1240,1599,486
1235,1616,488
1248,1619,454
1231,1632,463
1237,1620,422
1237,1639,433
1248,1605,436
1233,1626,411
1243,1597,408
1241,1638,380
1243,1643,412
1251,1607,406
1272,1620,408
1238,1639,373
1242,1626,335
1236,1677,280
1223,1648,257
1220,1564,163
1224,1653,141
1197,1644,293
1231,1608,447
1215,1677,475
1251,1552,670
1250,1616,604
1228,1624,524
1207,1642,430
1193,1673,322
1183,1670,313
1183,1707,352
1191,1626,417
1189,1676,421
1160,1681,423
1170,1689,387
1149,1696,394
1149,1687,393
1161,1695,419
1141,1688,417
1144,1673,439
1145,1696,438
1137,1696,423
1135,1701,423
1133,1692,425
1135,1689,435
1124,1695,436
1130,1694,435
1128,1695,435
1124,1715,419
1129,1681,436
1123,1701,406
1129,1685,452
1142,1717,400
1146,1727,424
1129,1715,419
1125,1689,423
1130,1710,433
1134,1694,418
1147,1727,497
1107,1696,290
1182,1599,430
1163,1716,399
1154,1651,325
1168,1737,344
1149,1663,351
1162,1754,252
1176,1656,371
1171,1671,337
1173,1685,299
1182,1685,352
1181,1664,314
1174,1726,307
1185,1702,333
1187,1774,292
1174,1675,316
1216,1864,26
1218,1565,291
1240,1502,350
1231,1612,286
1256,1680,328
1233,1666,274
1222,1728,219
1224,1681,281
1237,1629,311
1214,1660,295
1228,1639,306
1243,1665,295
1225,1667,263
1231,1666,309
1241,1655,283
1220,1665,288
1244,1633,309
1240,1654,291
1228,1676,300
1239,1648,274
1240,1718,301
1249,1602,249
1247,1729,290
1266,1606,356
1268,1605,242
1250,1705,249
1283,1667,244
1283,1680,216
1292,1765,229
1333,1564,135
1327,1617,128
1310,1659,175
1373,1407,101
1394,1604,10
1375,1650,52
1435,1495,-19
1416,1560,-7
1429,1493,2
1507,1438,35
1507,1333,-161
1432,1465,-254
1535,1400,-230
1525,1387,-501
1514,1514,-536
1541,1375,-549
1577,1240,-508
1589,1252,-564
1599,1306,-539
1582,1180,-603
1614,1196,-463
1633,1164,-347
1667,1130,-360
1648,1012,-587
1596,986,-502
1595,1315,-538
1584,1428,-508
1606,1273,-337
1573,1302,-370
1557,1487,-438
1597,1399,-384
1553,1393,-334
1592,1384,-328
1594,1294,-347
1580,1309,-382
1578,1292,-367
1589,1247,-314
1551,1321,-365
1586,1390,-369
1555,1398,-383
1539,1423,-368
1561,1342,-322
1535,1407,-324
1551,1408,-349
1532,1382,-315
1534,1420,-314
1537,1421,-321
1516,1415,-343
1526,1389,-298
1527,1421,-364
1520,1407,-342
1504,1457,-348
1524,1398,-346
1498,1441,-350
1512,1400,-357
1502,1427,-360
1515,1424,-350
1501,1470,-376
1509,1422,-344
1501,1407,-435
1519,1411,-436
1509,1410,-417
1500,1358,-397
1515,1398,-393
1508,1381,-392
1502,1407,-423
1521,1424,-396
1508,1422,-425
1507,1371,-406
1510,1425,-473
1498,1330,-469
1516,1345,-479
1514,1410,-522
1517,1330,-486
1510,1316,-506
1527,1369,-506
